AFK65394.1	WAG55702.1	1.54e-35	139	31.464	39
AFK65394.1	WAG62348.1	3.60e-35	137	30.267	41
AFK65394.1	APC40119.1	5.49e-35	137	30.267	41
AFK65394.1	WAG73752.1	5.49e-35	137	30.267	41
AFK65394.1	ALI97828.1	2.87e-25	106	30.178	40
AFK65394.1	SDU27425.1	3.89e-24	103	28.448	42
AFK65394.1	QDW28234.1	5.62e-24	102	28.653	42
AFK65394.1	UFR01573.1	8.29e-24	100	31.111	28
AFK65394.1	QIJ65400.1	1.03e-23	100	30.531	28
AFK65394.1	AJP05895.1	1.43e-23	99.8	30.531	28
AFK65394.1	UZJ44966.1	3.30e-23	100	28.530	41
AFK65394.1	ASA21604.1	3.88e-23	101	33.913	28
AFK65394.1	BCM70318.1	4.11e-23	98.6	28.862	31
AFK65394.1	AMW13656.1	7.56e-23	97.8	29.268	31
AFK65394.1	AKQ47630.1	7.94e-23	99.0	28.840	38
AFK65394.1	QXU44321.1	9.54e-23	99.0	27.945	44
AFK65394.1	QNM03704.1	1.01e-22	99.0	30.859	31
AFK65394.1	AXE89524.1	1.10e-22	97.4	28.862	31
AFK65394.1	WBO81154.1	1.72e-22	96.7	29.333	28
AFK65394.1	QJT04880.1	2.01e-22	96.7	30.222	28
AFK65394.1	QES11690.1	2.74e-22	96.3	30.837	29
AFK65394.1	CQR61005.1	2.80e-22	96.3	29.646	28
AFK65394.1	BBF81409.1	4.12e-22	97.1	25.595	39
AFK65394.1	QES02644.1	4.31e-22	95.5	30.396	29
AFK65394.1	CCA59892.1	4.31e-22	95.5	30.396	29
AFK65394.1	ARS42991.1	5.52e-22	96.7	28.022	44
AFK65394.1	QEU68807.1	5.82e-22	95.1	29.675	31
AFK65394.1	USX11638.1	6.23e-22	96.7	28.280	40
AFK65394.1	UUA05207.1	1.47e-21	94.0	28.862	31
AFK65394.1	UUA12832.1	1.47e-21	94.0	28.862	31
AFK65394.1	QWB22264.1	1.47e-21	94.0	28.862	31
AFK65394.1	AVV45012.1	1.58e-21	94.0	29.864	28
AFK65394.1	QIS76127.1	1.71e-21	93.6	29.778	28
AFK65394.1	USQ84140.1	2.76e-21	93.2	29.675	31
AFK65394.1	QES09626.1	3.75e-21	92.8	29.956	29
AFK65394.1	ADG11179.1	3.85e-21	93.6	29.412	29
AFK65394.1	AVQ02864.1	3.85e-21	93.6	29.412	29
AFK65394.1	SHH81660.1	5.49e-21	92.0	29.333	28
AFK65394.1	QCD58991.1	5.52e-21	92.0	28.916	31
AFK65394.1	QIL38282.1	9.23e-21	92.8	27.548	44
AFK65394.1	CCK26577.1	1.02e-20	91.3	29.778	28
AFK65394.1	QKZ17869.1	1.04e-20	91.3	29.317	31
AFK65394.1	AZQ40768.1	1.13e-20	91.3	29.778	28
AFK65394.1	UAX56531.1	1.25e-20	91.3	29.245	27
AFK65394.1	UXI81474.1	1.34e-20	90.9	29.245	27
AFK65394.1	UBM35109.1	1.49e-20	92.0	26.433	38
AFK65394.1	AZP21139.1	1.74e-20	90.9	29.778	28
AFK65394.1	QCR50260.1	1.75e-20	90.5	28.571	26
AFK65394.1	UJV39829.1	1.78e-20	90.5	29.333	28
AFK65394.1	USU06716.1	2.48e-20	91.3	30.303	27
AFK65394.1	USU13535.1	3.03e-20	90.9	30.303	27
AFK65394.1	UDF03350.1	3.12e-20	91.3	29.046	27
AFK65394.1	SCD19751.1	3.36e-20	90.9	28.185	31
AFK65394.1	QTU57176.1	3.42e-20	89.7	30.222	28
AFK65394.1	QTU49238.1	3.89e-20	89.7	30.222	28
AFK65394.1	QKW03423.1	5.62e-20	89.4	30.088	28
AFK65394.1	QCB25225.1	6.04e-20	89.0	28.095	26
AFK65394.1	AIS01223.1	6.83e-20	89.0	28.049	31
AFK65394.1	CUM37123.1	8.63e-20	88.6	31.280	27
AFK65394.1	QYG03058.1	9.65e-20	89.4	29.259	31
AFK65394.1	UUU25725.1	1.12e-19	88.2	28.514	31
AFK65394.1	AZS84318.1	1.14e-19	88.2	29.555	31
AFK65394.1	QCN88823.1	1.14e-19	88.2	29.555	31
AFK65394.1	QIK60342.1	1.32e-19	89.0	29.555	29
AFK65394.1	WCE00338.1	1.44e-19	87.8	28.112	31
AFK65394.1	QTE53270.1	1.59e-19	89.0	25.915	39
AFK65394.1	QTE46673.1	1.59e-19	89.0	25.915	39
AFK65394.1	QEM04242.1	1.59e-19	89.0	25.915	39
AFK65394.1	QNP69453.1	1.73e-19	87.8	28.629	31
AFK65394.1	UVQ61512.1	2.24e-19	88.2	27.356	40
AFK65394.1	QBM77819.1	2.42e-19	87.8	29.004	27
AFK65394.1	UVS36501.1	2.96e-19	87.8	27.052	40
AFK65394.1	QTE38175.1	3.09e-19	88.2	25.915	39
AFK65394.1	UVS50597.1	3.57e-19	87.8	27.052	40
AFK65394.1	UVP35383.1	3.57e-19	87.8	27.052	40
AFK65394.1	UBE47003.1	3.57e-19	87.8	27.052	40
AFK65394.1	AYC37719.1	3.75e-19	86.7	28.889	28
AFK65394.1	ULR54256.1	3.86e-19	86.7	28.444	28
AFK65394.1	UBS88012.1	3.86e-19	87.0	27.974	38
AFK65394.1	AHM64448.1	3.86e-19	87.0	27.974	38
AFK65394.1	AIY10108.1	3.86e-19	87.0	27.974	38
AFK65394.1	WBS04189.1	4.16e-19	87.4	27.635	42
AFK65394.1	QRX63315.1	4.25e-19	87.4	30.686	33
AFK65394.1	ADV82525.1	4.26e-19	87.8	28.137	30
AFK65394.1	USX17936.1	6.05e-19	87.4	27.988	40
AFK65394.1	UOB08281.1	8.61e-19	85.9	28.054	28
AFK65394.1	UYU56974.1	8.63e-19	86.7	27.052	40
AFK65394.1	QEL16402.1	9.67e-19	87.4	27.170	32
AFK65394.1	QOY96097.1	9.74e-19	86.7	25.843	42
AFK65394.1	AGB29274.1	1.08e-18	86.3	27.848	28
AFK65394.1	USX24254.1	1.27e-18	85.9	27.647	40
AFK65394.1	AYL39699.1	1.58e-18	84.7	29.646	28
AFK65394.1	UXY30705.1	1.69e-18	84.7	28.455	31
AFK65394.1	ARK13598.1	1.81e-18	85.5	27.143	42
AFK65394.1	UOB14801.1	1.85e-18	84.7	27.602	28
AFK65394.1	QES18562.1	1.98e-18	84.3	30.332	27
AFK65394.1	BCM93652.1	2.09e-18	85.5	24.796	43
AFK65394.1	ATC63642.1	2.76e-18	85.1	23.423	39
AFK65394.1	UKK49593.1	2.90e-18	84.7	28.794	30
AFK65394.1	UPS45889.1	2.98e-18	84.7	28.511	27
AFK65394.1	ANS68867.1	3.67e-18	84.0	29.572	31
AFK65394.1	AXG52927.1	3.67e-18	84.0	29.572	31
AFK65394.1	QYX76802.1	4.20e-18	83.6	29.646	28
AFK65394.1	QIK56283.1	4.40e-18	84.3	29.435	29
AFK65394.1	QFR01099.1	5.19e-18	83.2	28.000	28
AFK65394.1	QJU59859.1	5.40e-18	84.0	30.268	30
AFK65394.1	AET59077.1	7.84e-18	82.8	27.885	38
AFK65394.1	ATI57027.1	8.47e-18	83.2	27.753	26
AFK65394.1	AOW24971.1	8.47e-18	83.2	27.753	26
AFK65394.1	QGZ52270.1	9.02e-18	82.4	28.444	28
AFK65394.1	ALJ49023.1	1.03e-17	83.2	25.857	39
AFK65394.1	UOQ96796.1	1.05e-17	83.2	27.011	42
AFK65394.1	SCV08441.1	1.09e-17	83.2	25.857	39
AFK65394.1	QRQ59138.1	1.09e-17	83.2	25.857	39
AFK65394.1	QOH60612.1	1.13e-17	82.4	27.974	38
AFK65394.1	AKC84054.1	1.18e-17	83.2	27.358	38
AFK65394.1	URJ37251.1	1.33e-17	82.4	27.331	38
AFK65394.1	URJ37251.3	1.33e-17	82.4	27.331	38
AFK65394.1	QIY98965.1	1.43e-17	82.0	29.825	29
AFK65394.1	ALP36128.1	1.44e-17	82.4	29.393	38
AFK65394.1	QBI03317.1	1.46e-17	82.8	27.066	42
AFK65394.1	UXY22620.1	1.57e-17	82.0	29.487	28
AFK65394.1	QNA42659.1	1.74e-17	82.8	27.195	42
AFK65394.1	QNP52213.1	1.77e-17	82.8	27.431	35
AFK65394.1	AGA77928.1	1.99e-17	82.4	26.781	42
AFK65394.1	WAX77244.1	2.03e-17	81.6	28.194	28
AFK65394.1	UKK52436.1	2.67e-17	81.6	28.279	29
AFK65394.1	QLH20484.1	3.01e-17	80.9	28.440	27
AFK65394.1	QXT37570.1	3.10e-17	81.6	28.194	26
AFK65394.1	QCP13616.1	3.32e-17	81.6	27.477	29
AFK65394.1	QCP13616.1	3.1	27.7	40.625	29
AFK65394.1	ADQ45141.1	3.70e-17	80.5	28.507	27
AFK65394.1	BAV08881.1	3.73e-17	81.6	25.348	43
AFK65394.1	BDT58580.1	3.79e-17	81.6	27.652	30
AFK65394.1	QZD55545.1	3.84e-17	80.9	27.586	29
AFK65394.1	USQ94115.1	3.94e-17	81.3	28.235	29
AFK65394.1	UAL08835.1	4.05e-17	81.3	28.235	29
AFK65394.1	QNL41154.1	4.07e-17	81.3	24.922	39
AFK65394.1	UOQ64761.1	4.21e-17	81.6	25.648	42
AFK65394.1	ALW87296.1	4.41e-17	81.3	26.582	38
AFK65394.1	QDN81197.1	4.79e-17	80.1	27.711	31
AFK65394.1	AVR99096.1	4.97e-17	80.9	25.959	40
AFK65394.1	UZK67320.1	5.08e-17	80.9	26.667	39
AFK65394.1	QDH78969.1	5.58e-17	80.9	25.634	42
AFK65394.1	QDO53357.1	6.48e-17	79.7	28.947	29
AFK65394.1	QDO63602.1	6.48e-17	79.7	28.947	29
AFK65394.1	QDN70901.1	6.48e-17	79.7	28.947	29
AFK65394.1	QDN60847.1	6.48e-17	79.7	28.947	29
AFK65394.1	UKK63715.1	6.50e-17	80.5	29.388	29
AFK65394.1	UKK71708.1	6.50e-17	80.5	29.388	29
AFK65394.1	UKK58209.1	6.50e-17	80.5	29.388	29
AFK65394.1	UKK55395.1	6.50e-17	80.5	29.388	29
AFK65394.1	UKK60889.1	6.50e-17	80.5	29.388	29
AFK65394.1	ASR49061.1	7.53e-17	80.1	28.617	38
AFK65394.1	WDV49421.1	8.15e-17	79.3	26.697	28
AFK65394.1	AGP53491.1	8.24e-17	80.1	27.731	27
AFK65394.1	UTP29599.1	8.24e-17	80.1	27.731	27
AFK65394.1	AWK06315.1	8.30e-17	80.5	28.632	27
AFK65394.1	QMV43137.1	8.40e-17	79.7	26.198	39
AFK65394.1	URJ61094.1	8.63e-17	79.7	29.582	38
AFK65394.1	QJE01975.1	8.74e-17	80.5	27.899	32
AFK65394.1	AOZ93548.1	8.77e-17	79.7	27.434	42
AFK65394.1	QGZ52751.1	9.43e-17	79.7	28.636	27
AFK65394.1	AXP80151.1	9.49e-17	80.5	27.077	39
AFK65394.1	UQQ36069.1	1.01e-16	79.7	27.010	38
AFK65394.1	NP_823283.1	1.04e-16	79.3	29.515	29
AFK65394.1	AWB46910.1	1.05e-16	81.6	26.708	39
AFK65394.1	AWB46910.1	0.007	37.0	38.095	39
AFK65394.1	AFC29177.1	1.05e-16	79.3	27.083	41
AFK65394.1	UKK81246.1	1.16e-16	79.7	28.137	31
AFK65394.1	UKK78204.1	1.20e-16	79.7	28.137	31
AFK65394.1	UKK76605.1	1.21e-16	79.7	28.137	31
AFK65394.1	WAU84256.1	1.24e-16	79.0	28.458	32
AFK65394.1	QKJ30190.1	1.25e-16	80.1	26.335	34
AFK65394.1	ATC64461.1	1.27e-16	79.7	25.078	38
AFK65394.1	BBJ49871.1	1.38e-16	79.0	29.515	29
AFK65394.1	QPK56055.1	1.54e-16	79.0	27.331	38
AFK65394.1	UOD87379.1	1.54e-16	79.0	27.331	38
AFK65394.1	QPK57165.1	1.54e-16	79.0	27.331	38
AFK65394.1	ACM61395.1	1.54e-16	78.6	28.054	27
AFK65394.1	QUW78816.1	1.82e-16	78.6	29.386	29
AFK65394.1	QDO33403.1	2.01e-16	78.6	30.131	29
AFK65394.1	QDO01546.1	2.01e-16	78.6	30.131	29
AFK65394.1	APO48101.1	2.35e-16	79.0	27.246	40
AFK65394.1	QDO11732.1	2.53e-16	78.2	28.947	29
AFK65394.1	QDN90902.1	2.53e-16	78.2	28.947	29
AFK65394.1	UMY57264.1	2.61e-16	78.2	28.939	38
AFK65394.1	AWV33334.1	2.68e-16	78.2	27.907	42
AFK65394.1	UMR36575.1	2.75e-16	78.2	27.331	38
AFK65394.1	APB77600.1	2.91e-16	78.2	29.260	38
AFK65394.1	URJ43149.1	2.93e-16	78.2	28.617	38
AFK65394.1	UWO01121.1	2.96e-16	78.6	28.980	29
AFK65394.1	CCC83693.1	3.07e-16	78.2	27.331	38
AFK65394.1	QEK51391.1	3.20e-16	78.6	29.004	27
AFK65394.1	AXA94715.1	4.39e-16	78.2	27.511	26
AFK65394.1	AOW11448.1	4.66e-16	78.2	27.500	28
AFK65394.1	AXG76368.1	4.66e-16	77.4	25.688	27
AFK65394.1	APQ57972.1	5.19e-16	77.4	29.260	38
AFK65394.1	QMV12133.1	5.40e-16	77.4	26.697	28
AFK65394.1	AHC18393.1	5.57e-16	77.4	29.260	38
AFK65394.1	UPK44644.1	5.71e-16	77.8	27.640	38
AFK65394.1	ANF95527.1	6.09e-16	77.4	28.479	38
AFK65394.1	UBD17469.1	6.22e-16	77.8	23.148	39
AFK65394.1	QIM09958.1	7.25e-16	77.4	28.750	28
AFK65394.1	AUN33654.1	7.40e-16	77.4	25.210	42
AFK65394.1	AXG51807.1	8.10e-16	77.0	26.697	28
AFK65394.1	ANS62883.1	8.10e-16	77.0	26.697	28
AFK65394.1	QYK60437.1	8.22e-16	76.6	29.167	38
AFK65394.1	QEC58266.1	8.32e-16	77.4	27.095	42
AFK65394.1	QDT63600.1	8.36e-16	77.4	28.369	34
AFK65394.1	AMW15166.1	8.58e-16	76.6	27.149	28
AFK65394.1	QNL39772.1	1.02e-15	77.0	28.980	29
AFK65394.1	QDU55894.1	1.08e-15	77.8	24.922	39
AFK65394.1	QDU55894.1	0.012	35.8	29.630	39
AFK65394.1	AKV86539.1	1.12e-15	76.3	29.245	26
AFK65394.1	BCW65133.1	1.15e-15	78.6	27.011	42
AFK65394.1	BCW65133.1	9.76e-05	42.7	53.846	42
AFK65394.1	WAC47654.1	1.19e-15	77.0	24.896	27
AFK65394.1	QYK65628.1	1.39e-15	76.3	28.939	38
AFK65394.1	ADM68580.1	1.43e-15	76.3	28.939	38
AFK65394.1	ACB74621.1	1.57e-15	76.3	26.331	39
AFK65394.1	QGG54780.1	2.28e-15	75.9	28.487	42
AFK65394.1	AQR75297.1	2.64e-15	75.5	27.660	26
AFK65394.1	BBE20479.1	2.66e-15	76.6	25.143	42
AFK65394.1	BBE20479.1	3.0	28.1	25.325	42
AFK65394.1	QLG37843.1	3.64e-15	76.6	27.244	39
AFK65394.1	QLG37843.1	0.004	37.4	46.154	39
AFK65394.1	UCB37754.1	3.91e-15	75.1	23.511	38
AFK65394.1	QDO69335.1	3.91e-15	75.1	23.511	38
AFK65394.1	UCB33513.1	3.91e-15	75.1	23.511	38
AFK65394.1	QZZ25340.1	4.98e-15	74.3	26.244	28
AFK65394.1	APB72624.1	5.14e-15	74.3	28.617	38
AFK65394.1	UCS95019.1	5.26e-15	75.1	25.141	42
AFK65394.1	UPK43801.1	5.85e-15	76.3	27.010	39
AFK65394.1	UPK43801.1	7.29e-04	40.0	48.718	39
AFK65394.1	QIP15039.1	6.91e-15	74.3	24.923	39
AFK65394.1	WCM63837.1	7.57e-15	73.9	28.939	38
AFK65394.1	QGW28637.1	8.52e-15	74.3	25.287	41
AFK65394.1	AYD48297.1	8.74e-15	74.3	25.152	40
AFK65394.1	ADL33886.1	8.76e-15	74.7	29.630	23
AFK65394.1	QBQ38577.1	1.00e-14	73.6	35.156	15
AFK65394.1	UOQ70460.1	1.11e-14	72.0	29.714	21
AFK65394.1	AND18205.1	1.19e-14	73.6	24.924	38
AFK65394.1	QJR73849.1	1.19e-14	73.6	24.924	38
AFK65394.1	ALA72227.1	1.19e-14	73.6	24.924	38
AFK65394.1	UWN82796.1	1.19e-14	73.6	24.924	38
AFK65394.1	QJR54111.1	1.19e-14	73.6	24.924	38
AFK65394.1	QJR65253.1	1.19e-14	73.6	24.924	38
AFK65394.1	QJR78004.1	1.19e-14	73.6	24.924	38
AFK65394.1	QUT85558.1	1.19e-14	73.6	24.924	38
AFK65394.1	AII64753.1	1.19e-14	73.6	24.924	38
AFK65394.1	QJR69516.1	1.19e-14	73.6	24.924	38
AFK65394.1	UYV08287.1	1.19e-14	73.6	24.924	38
AFK65394.1	QJR61091.1	1.19e-14	73.6	24.924	38
AFK65394.1	URJ53112.3	1.30e-14	73.2	28.939	38
AFK65394.1	URJ53112.1	1.30e-14	73.2	28.939	38
AFK65394.1	UGU15647.1	1.34e-14	73.6	27.966	28
AFK65394.1	ULO05377.1	1.38e-14	73.2	26.901	42
AFK65394.1	UQZ86982.1	1.52e-14	72.8	32.000	18
AFK65394.1	ACX75583.1	1.70e-14	73.9	25.397	38
AFK65394.1	ADL25276.1	1.70e-14	73.9	25.397	38
AFK65394.1	UBD72094.1	1.88e-14	73.2	23.197	38
AFK65394.1	QJD87063.1	1.89e-14	72.8	26.774	38
AFK65394.1	QGZ43246.1	1.95e-14	72.8	24.034	27
AFK65394.1	UBD83117.1	1.95e-14	73.2	24.684	38
AFK65394.1	ABR37910.1	1.95e-14	73.2	24.684	38
AFK65394.1	QQY39765.1	1.95e-14	73.2	24.684	38
AFK65394.1	UVR05274.1	1.95e-14	73.2	24.684	38
AFK65394.1	QQY43066.1	1.95e-14	73.2	24.684	38
AFK65394.1	QDH23251.1	2.03e-14	74.3	27.434	43
AFK65394.1	QDH23251.1	1.36e-10	62.0	23.620	43
AFK65394.1	AIQ74000.1	2.15e-14	72.4	26.543	40
AFK65394.1	USS70150.1	2.33e-14	72.8	24.684	38
AFK65394.1	URJ48115.1	2.57e-14	72.4	28.617	38
AFK65394.1	QUT56819.1	2.60e-14	72.8	24.695	38
AFK65394.1	UVO94270.1	2.60e-14	72.8	24.695	38
AFK65394.1	AWW31193.1	2.77e-14	72.8	26.211	42
AFK65394.1	BDC12415.1	3.02e-14	72.4	24.695	38
AFK65394.1	BDC08391.1	3.02e-14	72.4	24.695	38
AFK65394.1	BDC04285.1	3.02e-14	72.4	24.695	38
AFK65394.1	UQZ32688.1	3.10e-14	72.0	25.079	39
AFK65394.1	UEG53849.1	3.24e-14	72.4	26.939	29
AFK65394.1	UZK64682.1	3.75e-14	72.0	28.511	26
AFK65394.1	QNP74877.1	3.76e-14	71.6	25.000	27
AFK65394.1	UFH32868.1	4.34e-14	72.0	24.148	42
AFK65394.1	WBY09775.1	5.81e-14	71.2	28.205	26
AFK65394.1	ULL17662.1	6.55e-14	71.2	30.387	22
AFK65394.1	AEM72789.1	7.06e-14	70.5	28.829	27
AFK65394.1	APA00871.1	7.87e-14	71.2	27.917	28
AFK65394.1	UWZ87220.1	8.69e-14	70.9	22.884	38
AFK65394.1	QDY86534.1	8.75e-14	70.9	25.788	42
AFK65394.1	UKM63833.1	9.37e-14	70.9	28.390	28
AFK65394.1	QIY95124.1	9.51e-14	68.9	29.878	20
AFK65394.1	URJ67543.1	1.02e-13	70.5	25.836	39
AFK65394.1	URJ57804.1	1.02e-13	70.5	25.836	39
AFK65394.1	URJ72316.1	1.02e-13	70.5	25.836	39
AFK65394.1	UOD88748.1	1.06e-13	70.5	25.836	39
AFK65394.1	QPK61099.1	1.06e-13	70.5	25.836	39
AFK65394.1	UJF35000.1	1.14e-13	70.1	28.758	38
AFK65394.1	ADY37533.1	1.23e-13	71.6	25.392	38
AFK65394.1	ADQ05565.1	1.36e-13	69.7	27.928	27
AFK65394.1	ALR30085.1	1.37e-13	70.5	24.148	42
AFK65394.1	UBS89618.1	1.63e-13	70.1	25.836	39
AFK65394.1	ALJ61452.1	1.66e-13	70.1	22.884	38
AFK65394.1	ADL43349.1	1.79e-13	69.3	27.928	27
AFK65394.1	BBF68466.1	2.00e-13	69.7	27.068	30
AFK65394.1	QUE51848.1	2.37e-13	69.3	25.738	28
AFK65394.1	QIL77704.1	2.52e-13	69.7	24.606	38
AFK65394.1	QLD11408.1	2.55e-13	70.9	27.586	39
AFK65394.1	QLD11408.1	0.011	36.2	46.154	39
AFK65394.1	AUS25668.1	2.56e-13	69.3	25.836	39
AFK65394.1	AYA65915.3	2.58e-13	70.1	28.671	18
AFK65394.1	AYA65915.1	2.58e-13	70.1	28.671	18
AFK65394.1	AYA65915.2	2.66e-13	70.1	28.671	18
AFK65394.1	AOH84729.1	2.75e-13	69.3	28.631	27
AFK65394.1	QOG00586.1	2.87e-13	69.7	25.620	27
AFK65394.1	SCY09458.1	3.60e-13	70.5	26.667	39
AFK65394.1	SCY09458.1	0.11	32.7	38.636	39
AFK65394.1	UNL96837.1	3.62e-13	68.9	25.145	42
AFK65394.1	AIY11708.1	3.72e-13	68.9	25.836	39
AFK65394.1	WCT56511.1	4.13e-13	68.9	24.383	38
AFK65394.1	QCR39466.1	4.14e-13	70.1	27.160	39
AFK65394.1	QCR39466.1	0.003	37.7	32.710	39
AFK65394.1	ATY32404.1	5.03e-13	68.6	26.496	26
AFK65394.1	QDW23246.1	5.11e-13	68.6	27.350	27
AFK65394.1	QKS45224.1	5.19e-13	69.7	28.076	39
AFK65394.1	QKS45224.1	6.39e-04	40.0	52.632	39
AFK65394.1	QKS45224.1	0.085	33.1	41.509	39
AFK65394.1	QKS45224.1	5.7	27.3	35.000	39
AFK65394.1	ACZ20496.1	5.59e-13	69.7	25.243	38
AFK65394.1	ACZ20496.1	1.2	29.3	47.222	38
AFK65394.1	AZK46106.1	5.63e-13	68.2	22.895	44
AFK65394.1	ALP35521.1	5.74e-13	68.2	24.412	42
AFK65394.1	QKS60274.1	6.13e-13	68.2	26.518	38
AFK65394.1	ADE81025.1	7.23e-13	67.8	25.641	27
AFK65394.1	URJ38054.1	8.78e-13	67.8	25.532	39
AFK65394.1	UQQ37696.1	8.78e-13	67.8	25.532	39
AFK65394.1	CAD0219641.1	8.86e-13	68.2	21.884	43
AFK65394.1	QIY70299.1	8.99e-13	66.2	29.814	19
AFK65394.1	QUW82810.1	8.99e-13	66.2	29.814	19
AFK65394.1	AUO09577.1	9.10e-13	67.8	25.836	39
AFK65394.1	AZS88012.1	9.54e-13	66.2	29.747	19
AFK65394.1	AZA63127.1	9.54e-13	67.8	22.571	42
AFK65394.1	QKZ22439.1	9.59e-13	66.2	29.878	20
AFK65394.1	AWB46508.1	1.02e-12	67.8	27.805	27
AFK65394.1	AWB46508.1	0.008	36.2	54.839	27
AFK65394.1	AVV57608.1	1.19e-12	67.0	24.189	42
AFK65394.1	AWP26767.1	1.19e-12	67.0	24.189	42
AFK65394.1	UWO83367.1	1.19e-12	67.4	26.738	23
AFK65394.1	QOS81722.1	1.20e-12	68.6	26.582	39
AFK65394.1	QOS81722.1	7.05e-04	40.0	48.718	39
AFK65394.1	AET59801.1	1.26e-12	67.4	25.697	39
AFK65394.1	AZT91282.1	1.27e-12	66.6	26.577	27
AFK65394.1	AUC20563.1	1.29e-12	67.4	25.847	28
AFK65394.1	ASR48454.1	1.31e-12	67.0	26.154	40
AFK65394.1	VDR30989.1	1.31e-12	68.6	29.648	40
AFK65394.1	VDR30989.1	2.5	28.5	25.500	40
AFK65394.1	QXU49729.1	1.47e-12	67.4	22.316	42
AFK65394.1	AZA55427.1	1.59e-12	67.0	22.432	44
AFK65394.1	UOB17781.1	1.72e-12	67.0	26.496	27
AFK65394.1	UMQ42895.1	1.79e-12	67.0	24.148	42
AFK65394.1	ANY75364.1	1.88e-12	66.6	25.484	38
AFK65394.1	UUS29757.1	1.94e-12	66.2	25.909	27
AFK65394.1	QMV70352.1	2.13e-12	66.6	25.941	28
AFK65394.1	ASA21075.1	2.31e-12	66.2	27.881	34
AFK65394.1	QHT58404.1	2.41e-12	67.8	26.761	32
AFK65394.1	QHT58404.1	0.37	31.2	39.286	32
AFK65394.1	AMW14471.1	2.64e-12	66.6	25.112	28
AFK65394.1	ATP17465.1	2.70e-12	66.2	27.500	27
AFK65394.1	QGK74317.1	2.94e-12	66.2	27.119	27
AFK65394.1	QKJ21283.1	3.01e-12	67.4	26.814	39
AFK65394.1	QKJ21283.1	0.73	30.0	43.590	39
AFK65394.1	WCH90734.1	3.05e-12	64.7	28.659	20
AFK65394.1	UMR38185.1	3.34e-12	65.9	25.532	39
AFK65394.1	URJ46524.1	3.43e-12	65.9	24.496	42
AFK65394.1	QWA21676.1	3.47e-12	64.3	29.268	20
AFK65394.1	AIQ52156.1	3.65e-12	65.5	26.721	30
AFK65394.1	AFH63821.1	3.81e-12	67.0	26.115	39
AFK65394.1	AFH63821.1	1.72e-08	55.1	22.018	39
AFK65394.1	QOH64577.1	3.81e-12	65.9	25.532	39
AFK65394.1	AJE54006.1	3.81e-12	65.9	25.532	39
AFK65394.1	CCC84249.1	4.09e-12	65.5	26.140	39
AFK65394.1	ADO55419.1	4.09e-12	65.5	26.140	39
AFK65394.1	AFK65224.1	4.16e-12	67.0	26.115	39
AFK65394.1	AFK65224.1	1.79e-08	55.1	22.018	39
AFK65394.1	AOZ96642.1	4.67e-12	66.2	30.612	18
AFK65394.1	UKS30433.1	4.67e-12	65.1	26.239	42
AFK65394.1	ACU38496.1	4.97e-12	64.3	31.746	15
AFK65394.1	AXX32088.1	5.26e-12	64.3	31.746	15
AFK65394.1	QUF03941.1	5.26e-12	64.3	31.746	15
AFK65394.1	AIQ35396.1	5.57e-12	65.1	24.845	40
AFK65394.1	SDS63739.1	5.65e-12	64.7	27.404	26
AFK65394.1	UVT09122.1	6.02e-12	63.5	29.193	19
AFK65394.1	UMY57289.1	6.04e-12	65.1	24.496	42
AFK65394.1	ADL02168.1	6.34e-12	65.1	30.657	16
AFK65394.1	UYY79422.1	6.48e-12	65.1	26.667	27
AFK65394.1	QEU75117.1	6.85e-12	63.5	32.283	15
AFK65394.1	QYK15953.1	6.87e-12	65.1	22.727	42
AFK65394.1	QDH80196.1	7.04e-12	63.2	33.824	16
AFK65394.1	QOT13417.1	7.26e-12	64.7	23.964	42
AFK65394.1	URJ62712.1	7.40e-12	64.7	24.784	42
AFK65394.1	AXL13686.1	7.63e-12	65.9	25.513	42
AFK65394.1	AXL13686.1	0.12	32.7	46.154	42
AFK65394.1	AXL13686.1	1.1	29.6	29.333	42
AFK65394.1	APA00917.1	7.71e-12	64.7	27.660	28
AFK65394.1	AEV99952.1	7.87e-12	65.1	22.590	43
AFK65394.1	QDU89205.1	8.65e-12	63.2	27.607	20
AFK65394.1	QQQ30419.1	8.93e-12	64.7	22.000	42
AFK65394.1	QXE01012.1	9.08e-12	65.1	24.841	38
AFK65394.1	QXE01012.1	2.1	28.5	45.455	38
AFK65394.1	ATI82371.1	9.90e-12	64.3	25.830	31
AFK65394.1	AZB31944.1	9.93e-12	64.7	22.000	42
AFK65394.1	AYN02079.1	1.02e-11	64.7	23.011	42
AFK65394.1	QCB37069.1	1.06e-11	64.3	26.250	27
AFK65394.1	QLG42571.1	1.13e-11	63.9	31.481	19
AFK65394.1	AZP04466.1	1.22e-11	62.0	32.558	15
AFK65394.1	UQB69258.1	1.25e-11	64.3	23.864	42
AFK65394.1	AGA79318.1	1.26e-11	62.4	32.143	17
AFK65394.1	APB71996.1	1.27e-11	63.9	24.496	42
AFK65394.1	WBZ96491.1	1.38e-11	64.3	20.857	41
AFK65394.1	AHC19084.1	1.43e-11	63.9	25.072	42
AFK65394.1	AWW32649.1	1.49e-11	62.4	33.088	16
AFK65394.1	AYC42224.1	1.55e-11	62.4	31.210	19
AFK65394.1	AHE56159.1	1.56e-11	63.9	29.677	18
AFK65394.1	QYK66298.1	1.59e-11	63.9	24.496	42
AFK65394.1	AVV43341.1	1.69e-11	62.4	28.571	19
AFK65394.1	QYK61078.1	1.83e-11	63.5	25.152	39
AFK65394.1	AZA94530.1	2.07e-11	63.5	23.580	42
AFK65394.1	AZA86120.1	2.07e-11	63.5	23.580	42
AFK65394.1	QEC71885.1	2.14e-11	63.5	25.287	42
AFK65394.1	AEI44160.1	2.25e-11	63.2	25.079	38
AFK65394.1	AZA57879.1	2.38e-11	63.5	22.571	42
AFK65394.1	QUW90585.1	2.50e-11	62.0	29.747	19
AFK65394.1	QMV18013.1	2.63e-11	63.2	23.636	32
AFK65394.1	WCM63871.1	2.73e-11	63.2	24.496	42
AFK65394.1	ANF96315.1	3.29e-11	63.5	31.884	16
AFK65394.1	AFH60406.1	3.43e-11	63.2	25.066	46
AFK65394.1	NP_827550.1	3.51e-11	61.2	29.193	19
AFK65394.1	BAC74085.1	3.51e-11	61.2	29.193	19
AFK65394.1	AVR45627.1	3.57e-11	62.8	24.034	27
AFK65394.1	UPQ76094.1	3.59e-11	62.8	22.286	42
AFK65394.1	UAY53812.1	3.90e-11	62.8	24.793	44
AFK65394.1	UUS30458.1	3.91e-11	61.2	29.921	15
AFK65394.1	ASA26316.1	4.05e-11	63.5	26.923	39
AFK65394.1	ASA26316.1	0.002	38.5	40.000	39
AFK65394.1	QKW63998.1	4.51e-11	61.2	30.380	19
AFK65394.1	ALA41288.1	5.10e-11	62.0	24.207	42
AFK65394.1	AFC31713.1	5.20e-11	62.0	25.079	38
AFK65394.1	QDE36496.1	5.33e-11	63.2	26.168	40
AFK65394.1	QDE36496.1	0.24	31.6	27.891	40
AFK65394.1	QDE36496.1	0.37	31.2	46.154	40
AFK65394.1	APB76931.1	5.38e-11	62.0	24.848	39
AFK65394.1	QOV39179.1	5.40e-11	60.8	30.000	23
AFK65394.1	BBJ54612.1	5.44e-11	61.6	29.193	19
AFK65394.1	WCN00661.1	5.71e-11	60.8	29.747	19
AFK65394.1	UFR05257.1	6.12e-11	60.5	29.193	19
AFK65394.1	WAU80437.1	7.19e-11	60.5	29.710	16
AFK65394.1	QDO14318.1	7.37e-11	60.5	28.571	19
AFK65394.1	QDN93900.1	7.37e-11	60.5	28.571	19
AFK65394.1	QDN83585.1	7.37e-11	60.5	28.571	19
AFK65394.1	QEU65233.1	8.61e-11	60.1	28.235	20
AFK65394.1	URJ42892.1	8.65e-11	61.6	24.633	42
AFK65394.1	ACO31385.1	8.66e-11	61.6	28.378	18
AFK65394.1	BDI75801.1	9.18e-11	61.6	26.104	29
AFK65394.1	SQI62737.1	9.21e-11	62.4	24.522	39
AFK65394.1	SQI62737.1	0.027	34.7	39.655	39
AFK65394.1	UCS92873.1	9.52e-11	60.1	33.571	17
AFK65394.1	QKS47614.1	1.01e-10	60.8	24.034	28
AFK65394.1	QDK35026.1	1.06e-10	61.2	24.670	26
AFK65394.1	AWV36635.1	1.08e-10	62.4	25.000	39
AFK65394.1	AWV36635.1	4.76e-04	40.4	48.718	39
AFK65394.1	AWV36635.1	0.15	32.3	53.125	39
AFK65394.1	AZM78408.1	1.22e-10	59.7	29.747	19
AFK65394.1	WDF73962.1	1.30e-10	60.8	24.723	31
AFK65394.1	UQZ36145.1	1.36e-10	60.5	25.541	28
AFK65394.1	AEG42991.1	1.36e-10	59.7	29.381	23
AFK65394.1	QCP72547.1	1.42e-10	59.7	29.240	20
AFK65394.1	QCD38857.1	1.42e-10	59.7	29.240	20
AFK65394.1	ACT04151.1	1.79e-10	61.6	24.437	39
AFK65394.1	ACT04151.1	0.001	39.3	48.718	39
AFK65394.1	ACT04151.1	0.29	31.6	56.250	39
AFK65394.1	QSR20078.1	1.82e-10	60.5	24.229	26
AFK65394.1	UQZ36908.1	2.01e-10	61.2	26.009	39
AFK65394.1	UQZ36908.1	1.49e-09	58.5	24.159	39
AFK65394.1	AXG76380.1	2.09e-10	59.3	31.343	16
AFK65394.1	ABJ85017.1	2.21e-10	60.1	22.393	39
AFK65394.1	UAB82635.1	2.55e-10	60.1	25.630	28
AFK65394.1	AIQ41616.1	2.57e-10	61.2	26.496	39
AFK65394.1	AIQ41616.1	8.70e-09	56.2	24.458	39
AFK65394.1	AIQ18502.1	2.64e-10	60.8	26.266	39
AFK65394.1	AIQ18502.1	5.48e-10	60.1	24.768	39
AFK65394.1	QNR84020.1	3.10e-10	58.2	31.544	18
AFK65394.1	UXX92881.1	3.17e-10	58.5	27.778	19
AFK65394.1	WBO77219.1	3.23e-10	58.5	29.114	19
AFK65394.1	AIQ46612.1	3.29e-10	59.3	25.392	39
AFK65394.1	BCA48688.1	3.39e-10	59.7	29.139	18
AFK65394.1	QUT69823.1	3.48e-10	59.7	29.139	18
AFK65394.1	ALJ43489.1	3.63e-10	59.7	29.139	18
AFK65394.1	QOD60207.1	3.67e-10	58.2	28.188	18
AFK65394.1	QZU79692.1	3.70e-10	59.7	29.139	18
AFK65394.1	QZU85127.1	3.70e-10	59.7	29.139	18
AFK65394.1	UVS36456.1	3.80e-10	59.3	29.139	18
AFK65394.1	UVS50549.1	3.80e-10	59.3	29.139	18
AFK65394.1	UVQ61467.1	3.80e-10	59.3	29.139	18
AFK65394.1	UYU56926.1	3.80e-10	59.3	29.139	18
AFK65394.1	UVR67158.1	3.80e-10	59.3	29.139	18
AFK65394.1	UVQ76708.1	3.80e-10	59.3	29.139	18
AFK65394.1	UBE46962.1	3.80e-10	59.3	29.139	18
AFK65394.1	ACT02723.1	3.80e-10	59.3	24.528	39
AFK65394.1	UYU70647.1	3.97e-10	59.3	29.139	18
AFK65394.1	UYU64460.1	4.00e-10	59.3	29.139	18
AFK65394.1	QIL39363.1	4.01e-10	57.8	31.538	15
AFK65394.1	UVS53432.1	4.07e-10	59.3	29.139	18
AFK65394.1	UVQ27208.1	4.07e-10	59.3	29.139	18
AFK65394.1	QQA07710.1	4.07e-10	59.3	29.139	18
AFK65394.1	UYU80196.1	4.11e-10	59.3	29.139	18
AFK65394.1	UVV82327.1	4.11e-10	59.3	29.139	18
AFK65394.1	UVV86807.1	4.11e-10	59.3	29.139	18
AFK65394.1	UVQ43961.1	4.11e-10	59.3	29.139	18
AFK65394.1	UYV00537.1	4.11e-10	59.3	29.139	18
AFK65394.1	UVS27217.1	4.11e-10	59.3	29.139	18
AFK65394.1	UBD13711.1	4.11e-10	59.3	29.139	18
AFK65394.1	ASB48012.1	4.28e-10	58.9	26.667	18
AFK65394.1	QNF30995.1	4.32e-10	60.1	23.333	39
AFK65394.1	QNF30995.1	0.060	33.5	48.718	39
AFK65394.1	UVP11769.1	4.44e-10	59.3	28.022	22
AFK65394.1	UVP79247.1	4.44e-10	59.3	28.022	22
AFK65394.1	QMW86499.1	5.16e-10	58.9	29.139	18
AFK65394.1	NP_813061.1	5.16e-10	58.9	29.139	18
AFK65394.1	UVP30564.1	5.16e-10	58.9	29.139	18
AFK65394.1	UML63394.1	5.16e-10	58.9	29.139	18
AFK65394.1	UVS14823.1	5.16e-10	58.9	29.139	18
AFK65394.1	UVR93451.1	5.16e-10	58.9	29.139	18
AFK65394.1	AAO79255.1	5.16e-10	58.9	29.139	18
AFK65394.1	QES09638.1	5.29e-10	58.2	33.071	15
AFK65394.1	ULR49776.1	5.68e-10	57.8	30.882	16
AFK65394.1	QDO36122.1	5.92e-10	57.8	27.950	19
