AFK65394.1	AFK65394.1	0.0	1622	100.000	100
AFK65394.1	AFH63317.1	0.0	1605	100.000	99
AFK65394.1	AEI43346.1	0.0	1568	98.312	98
AFK65394.1	APQ62066.1	0.0	614	75.959	50
AFK65394.1	QGH37026.1	0.0	541	65.566	53
AFK65394.1	QDG64572.1	0.0	534	62.295	54
AFK65394.1	UOQ49844.1	3.48e-176	513	61.574	54
AFK65394.1	UOQ83449.1	3.25e-174	508	60.648	54
AFK65394.1	URZ13550.1	1.48e-151	446	55.500	51
AFK65394.1	URZ03136.1	1.48e-151	446	55.500	51
AFK65394.1	URZ08519.1	1.48e-151	446	55.500	51
AFK65394.1	ADL53901.1	3.22e-150	442	54.106	53
AFK65394.1	BAV13164.1	3.22e-150	442	54.106	53
AFK65394.1	URZ14487.1	1.62e-149	441	54.750	51
AFK65394.1	AEI32814.1	3.28e-148	437	53.616	51
AFK65394.1	AAK81317.1	3.28e-148	437	53.616	51
AFK65394.1	AWV81016.1	3.28e-148	437	53.616	51
AFK65394.1	NP_349977.1	3.28e-148	437	53.616	51
AFK65394.1	ADZ22427.1	3.28e-148	437	53.616	51
AFK65394.1	AQR97379.1	1.23e-144	428	52.899	53
AFK65394.1	AQR95316.1	1.23e-122	372	51.289	49
AFK65394.1	AGF56642.1	9.29e-122	369	51.031	49
AFK65394.1	UUO05566.1	4.64e-114	349	47.739	50
AFK65394.1	QHG85759.1	2.29e-93	296	45.131	51
AFK65394.1	QEC56425.1	5.14e-91	291	44.111	51
AFK65394.1	SMR00820.1	1.61e-87	281	43.750	50
AFK65394.1	SMQ93684.1	1.94e-87	281	43.750	50
AFK65394.1	AOD17115.1	2.02e-87	281	43.750	50
AFK65394.1	AOD13722.1	2.02e-87	281	43.750	50
AFK65394.1	QMV13892.1	2.77e-85	275	43.095	51
AFK65394.1	WCM95171.1	2.77e-85	275	44.365	51
AFK65394.1	UFN12909.1	3.70e-85	275	41.667	51
AFK65394.1	UFN17473.1	3.70e-85	275	41.667	51
AFK65394.1	UFN33164.1	3.70e-85	275	41.667	51
AFK65394.1	UFN24216.1	3.70e-85	275	41.667	51
AFK65394.1	UFN28707.1	3.70e-85	275	41.667	51
AFK65394.1	UFN31398.1	3.70e-85	275	41.667	51
AFK65394.1	UFS53660.1	3.70e-85	275	41.667	51
AFK65394.1	UFN05263.1	3.70e-85	275	41.667	51
AFK65394.1	UFN22963.1	3.70e-85	275	41.667	51
AFK65394.1	UFN40565.1	3.70e-85	275	41.667	51
AFK65394.1	UFN08329.1	3.70e-85	275	41.667	51
AFK65394.1	UFN01569.1	3.70e-85	275	41.667	51
AFK65394.1	UFS50996.1	3.70e-85	275	41.667	51
AFK65394.1	UFN06037.1	3.70e-85	275	41.667	51
AFK65394.1	UFN26461.1	3.70e-85	275	41.667	51
AFK65394.1	QNM58991.1	5.12e-85	275	41.514	53
AFK65394.1	APP82189.1	9.94e-85	273	41.570	52
AFK65394.1	CAH2706286.1	9.94e-85	273	41.570	52
AFK65394.1	CAD0299049.1	9.94e-85	273	41.570	52
AFK65394.1	CAD0298904.1	9.94e-85	273	41.570	52
AFK65394.1	QEW17348.1	9.94e-85	273	41.570	52
AFK65394.1	APP86776.1	1.10e-84	273	41.570	52
AFK65394.1	CAD0299007.1	1.10e-84	273	41.570	52
AFK65394.1	ASW48588.1	1.10e-84	273	41.570	52
AFK65394.1	CAD0305275.1	1.10e-84	273	41.570	52
AFK65394.1	QWN18722.1	1.31e-84	273	43.499	52
AFK65394.1	QWN14437.1	1.31e-84	273	43.499	52
AFK65394.1	ATS66014.1	1.31e-84	273	43.499	52
AFK65394.1	UZB31340.1	1.31e-84	273	43.499	52
AFK65394.1	AZU15452.1	1.31e-84	273	43.499	52
AFK65394.1	AZU36975.1	1.31e-84	273	43.499	52
AFK65394.1	QTL01509.1	1.31e-84	273	43.499	52
AFK65394.1	QWN35418.1	1.31e-84	273	43.499	52
AFK65394.1	ATS32394.1	1.31e-84	273	43.499	52
AFK65394.1	ATS53723.1	1.31e-84	273	43.499	52
AFK65394.1	QWN10154.1	1.31e-84	273	43.499	52
AFK65394.1	UZB10455.1	1.31e-84	273	43.499	52
AFK65394.1	UZB02004.1	1.31e-84	273	43.499	52
AFK65394.1	UZB27198.1	1.31e-84	273	43.499	52
AFK65394.1	QWN27109.1	1.31e-84	273	43.499	52
AFK65394.1	ATS86870.1	1.31e-84	273	43.499	52
AFK65394.1	QWN31278.1	1.31e-84	273	43.499	52
AFK65394.1	UNW14355.1	1.31e-84	273	43.499	52
AFK65394.1	AZU32599.1	1.31e-84	273	43.499	52
AFK65394.1	ATS40920.1	1.31e-84	273	43.499	52
AFK65394.1	UZB14578.1	1.31e-84	273	43.499	52
AFK65394.1	ATS82492.1	1.31e-84	273	43.499	52
AFK65394.1	ATS91046.1	1.31e-84	273	43.499	52
AFK65394.1	CDF63691.1	1.31e-84	273	43.499	52
AFK65394.1	QWN06014.1	1.31e-84	273	43.499	52
AFK65394.1	QTK97571.1	1.31e-84	273	43.499	52
AFK65394.1	ATS49454.1	1.31e-84	273	43.499	52
AFK65394.1	ATS45190.1	1.31e-84	273	43.499	52
AFK65394.1	ATS61974.1	1.31e-84	273	43.499	52
AFK65394.1	ATS28403.1	1.31e-84	273	43.499	52
AFK65394.1	AZU28210.1	1.31e-84	273	43.499	52
AFK65394.1	UZB06210.1	1.31e-84	273	43.499	52
AFK65394.1	QNL41162.1	1.39e-84	275	40.305	54
AFK65394.1	UWO01927.1	2.16e-84	275	40.972	51
AFK65394.1	QBG99881.1	3.27e-84	272	44.712	51
AFK65394.1	ASK98990.1	3.48e-84	272	44.471	51
AFK65394.1	ASL00368.1	3.48e-84	272	44.471	51
AFK65394.1	QBG95941.1	3.87e-84	271	44.471	51
AFK65394.1	QBG88262.1	4.38e-84	272	44.471	51
AFK65394.1	ASK92220.1	4.43e-84	272	44.878	50
AFK65394.1	QBH03974.1	4.47e-84	272	44.418	51
AFK65394.1	SCV08451.1	5.39e-84	274	40.741	54
AFK65394.1	QRQ55841.1	5.39e-84	274	40.741	54
AFK65394.1	UWN94109.1	5.39e-84	274	40.741	54
AFK65394.1	ALJ49034.1	5.39e-84	274	40.741	54
AFK65394.1	AXI82776.1	7.03e-84	271	42.506	50
AFK65394.1	QBG92135.1	7.08e-84	271	44.231	51
AFK65394.1	UNE61027.1	7.08e-84	271	44.231	51
AFK65394.1	WAH62346.1	7.86e-84	271	44.471	51
AFK65394.1	WAH62385.1	7.86e-84	271	44.471	51
AFK65394.1	UTS72254.1	7.86e-84	271	44.471	51
AFK65394.1	UTS72225.1	7.86e-84	271	44.471	51
AFK65394.1	QUT27398.1	1.02e-83	273	41.339	51
AFK65394.1	QDH54541.1	1.38e-83	273	41.805	50
AFK65394.1	UVP26362.1	1.38e-83	273	41.805	50
AFK65394.1	CAG9866746.1	2.00e-83	272	41.339	51
AFK65394.1	QKJ32757.1	2.02e-83	270	41.981	51
AFK65394.1	QIU94582.1	2.92e-83	272	40.590	52
AFK65394.1	ASK99020.1	5.90e-83	269	44.231	51
AFK65394.1	AFC86662.1	8.25e-83	269	40.596	54
AFK65394.1	CAD7724156.1	2.34e-82	267	43.750	51
AFK65394.1	CAD7726161.1	2.34e-82	267	43.750	51
AFK65394.1	CAD7713457.1	2.34e-82	267	43.750	51
AFK65394.1	CAD7726165.1	2.34e-82	267	43.750	51
AFK65394.1	CAD7719851.1	2.34e-82	267	43.750	51
AFK65394.1	CAD7713458.1	2.34e-82	267	43.750	51
AFK65394.1	UVP44143.1	5.37e-82	266	39.627	51
AFK65394.1	UVP58141.1	5.37e-82	266	39.627	51
AFK65394.1	QUT69881.1	5.37e-82	266	39.627	51
AFK65394.1	USP14694.1	8.50e-82	266	42.755	51
AFK65394.1	UVP30591.1	1.24e-81	265	39.627	51
AFK65394.1	UYU87715.1	1.54e-81	265	39.627	51
AFK65394.1	QMW86526.1	1.54e-81	265	39.627	51
AFK65394.1	UVO75620.1	1.54e-81	265	39.627	51
AFK65394.1	AAO79288.1	1.54e-81	265	39.627	51
AFK65394.1	UVS14872.1	1.54e-81	265	39.627	51
AFK65394.1	NP_813094.1	1.54e-81	265	39.627	51
AFK65394.1	UYU94930.1	1.54e-81	265	39.627	51
AFK65394.1	UML63425.1	1.54e-81	265	39.627	51
AFK65394.1	UVR75954.1	1.84e-81	265	41.346	49
AFK65394.1	APO97700.1	2.39e-81	265	44.952	51
AFK65394.1	WCC57037.1	2.39e-81	265	44.952	51
AFK65394.1	WCC56863.1	2.39e-81	265	44.952	51
AFK65394.1	WCC52626.1	2.39e-81	265	44.952	51
AFK65394.1	APP02072.1	2.39e-81	265	44.952	51
AFK65394.1	UVR93481.1	2.70e-81	264	39.770	52
AFK65394.1	QOV90777.1	2.92e-81	264	41.133	49
AFK65394.1	AWM41538.1	3.33e-81	264	41.981	51
AFK65394.1	VTS11906.1	3.33e-81	264	41.981	51
AFK65394.1	QQA07680.1	4.46e-81	264	39.394	51
AFK65394.1	QOY22216.1	5.00e-81	264	44.337	51
AFK65394.1	QQK68361.1	5.00e-81	264	44.337	51
AFK65394.1	UVS53399.1	5.49e-81	263	39.394	51
AFK65394.1	UYU64514.1	5.49e-81	263	39.394	51
AFK65394.1	QZU79640.1	5.96e-81	263	39.394	51
AFK65394.1	UYU74280.1	5.96e-81	263	39.394	51
AFK65394.1	UBD13741.1	5.96e-81	263	39.394	51
AFK65394.1	UYU61134.1	5.96e-81	263	39.394	51
AFK65394.1	UVS27248.1	5.96e-81	263	39.394	51
AFK65394.1	QZU85075.1	5.96e-81	263	39.394	51
AFK65394.1	SMQ95623.1	7.20e-81	263	44.712	51
AFK65394.1	SMQ97035.1	7.20e-81	263	44.712	51
AFK65394.1	UVV86839.1	7.35e-81	263	39.394	51
AFK65394.1	QUT42080.1	7.98e-81	263	39.394	51
AFK65394.1	UYU80229.1	7.98e-81	263	39.394	51
AFK65394.1	UYV00570.1	7.98e-81	263	39.394	51
AFK65394.1	UVQ27064.1	9.24e-81	263	39.394	51
AFK65394.1	UYU70595.1	1.04e-80	263	39.394	51
AFK65394.1	UDI80538.1	1.21e-80	263	44.712	51
AFK65394.1	UIS28587.1	1.21e-80	263	44.712	51
AFK65394.1	CAJ23955.1	1.21e-80	263	44.712	51
AFK65394.1	QCZ74918.1	1.21e-80	263	44.712	51
AFK65394.1	UIE44573.1	1.21e-80	263	44.712	51
AFK65394.1	AOY65827.1	1.21e-80	263	44.712	51
AFK65394.1	AOD18585.1	1.29e-80	263	44.471	51
AFK65394.1	AOD15185.1	1.29e-80	263	44.471	51
AFK65394.1	SMR03597.1	1.29e-80	263	44.471	51
AFK65394.1	SMQ99564.1	1.29e-80	263	44.471	51
AFK65394.1	UBT77369.1	1.31e-80	261	44.357	46
AFK65394.1	UVV82359.1	1.33e-80	263	39.394	51
AFK65394.1	APO93978.1	2.02e-80	262	44.231	51
AFK65394.1	APP74218.1	2.02e-80	262	44.231	51
AFK65394.1	BCA48728.1	2.10e-80	262	39.394	51
AFK65394.1	UYP80204.1	2.38e-80	262	44.471	51
AFK65394.1	QDU74158.1	5.33e-80	261	40.995	51
AFK65394.1	QCZ85174.1	1.41e-79	260	44.471	51
AFK65394.1	QCZ68962.1	1.41e-79	260	44.471	51
AFK65394.1	QCZ65260.1	1.41e-79	260	44.471	51
AFK65394.1	QCZ76585.1	1.41e-79	260	44.471	51
AFK65394.1	QCZ89576.1	1.41e-79	260	44.471	51
AFK65394.1	QCZ81257.1	1.41e-79	260	44.471	51
AFK65394.1	AOZ98790.1	2.45e-77	254	38.824	51
AFK65394.1	AFN73329.1	6.44e-77	256	39.070	51
AFK65394.1	UBM38526.1	8.64e-75	247	40.367	53
AFK65394.1	QKD99460.1	2.58e-74	245	42.105	46
AFK65394.1	QNM63823.1	4.45e-74	243	45.845	42
AFK65394.1	QUE52576.1	1.11e-72	241	37.559	51
AFK65394.1	UKM63844.1	1.48e-72	244	37.644	51
AFK65394.1	UOQ97144.1	1.71e-72	254	40.460	50
AFK65394.1	UYU70608.1	6.13e-72	242	37.328	59
AFK65394.1	UYU89506.1	6.13e-72	242	37.328	59
AFK65394.1	QUT42065.1	7.84e-72	242	37.328	59
AFK65394.1	UVP44130.1	2.41e-71	240	37.132	59
AFK65394.1	QEW35572.1	2.94e-71	240	34.096	57
AFK65394.1	QUT69867.1	3.52e-71	240	37.132	59
AFK65394.1	UVO94252.1	4.33e-71	239	34.100	57
AFK65394.1	AWI10412.1	1.82e-70	250	40.385	49
AFK65394.1	AWI07866.1	2.48e-70	249	40.385	49
AFK65394.1	BDC04269.1	2.12e-69	234	34.328	56
AFK65394.1	BDC08375.1	2.12e-69	234	34.328	56
AFK65394.1	BDC12399.1	2.12e-69	234	34.328	56
AFK65394.1	ACB75214.1	2.21e-69	233	38.061	51
AFK65394.1	QDV42832.1	2.62e-69	231	38.725	49
AFK65394.1	APZ46070.1	4.62e-69	234	37.555	54
AFK65394.1	AEV96474.1	3.22e-67	229	37.292	50
AFK65394.1	UVS50588.1	5.60e-67	229	36.607	52
AFK65394.1	UBE46994.1	5.60e-67	229	36.607	52
AFK65394.1	UVQ61506.1	5.60e-67	229	36.607	52
AFK65394.1	UVP35374.1	5.60e-67	229	36.607	52
AFK65394.1	UVQ76746.1	5.60e-67	229	36.607	52
AFK65394.1	ATC63118.1	7.43e-67	226	39.048	51
AFK65394.1	UYU56965.1	1.61e-66	228	36.384	52
AFK65394.1	UVS36493.1	1.61e-66	228	36.384	52
AFK65394.1	UVR67196.1	1.61e-66	228	36.384	52
AFK65394.1	UAY53803.1	2.94e-66	236	41.646	49
AFK65394.1	UAY53803.1	2.13e-53	197	36.867	49
AFK65394.1	UVP30580.1	5.72e-65	223	36.383	54
AFK65394.1	UVQ24448.1	5.72e-65	223	36.383	54
AFK65394.1	UBD13728.1	5.72e-65	223	36.383	54
AFK65394.1	BCA48715.1	5.72e-65	223	36.383	54
AFK65394.1	UYU87728.1	5.72e-65	223	36.383	54
AFK65394.1	QQA07693.1	5.72e-65	223	36.383	54
AFK65394.1	UYU61121.1	5.72e-65	223	36.383	54
AFK65394.1	UYV00558.1	5.72e-65	223	36.383	54
AFK65394.1	UVQ71705.1	5.72e-65	223	36.383	54
AFK65394.1	QMW86514.1	5.72e-65	223	36.383	54
AFK65394.1	UVV86827.1	5.72e-65	223	36.383	54
AFK65394.1	UML63412.1	5.72e-65	223	36.383	54
AFK65394.1	QZU85089.1	5.72e-65	223	36.383	54
AFK65394.1	UYU74266.1	5.72e-65	223	36.383	54
AFK65394.1	QZU79654.1	5.72e-65	223	36.383	54
AFK65394.1	UYU94918.1	5.72e-65	223	36.383	54
AFK65394.1	UVO75605.1	5.72e-65	223	36.383	54
AFK65394.1	UVS27237.1	5.72e-65	223	36.383	54
AFK65394.1	UVQ43980.1	5.72e-65	223	36.383	54
AFK65394.1	ALJ43466.1	5.72e-65	223	36.383	54
AFK65394.1	UYU64501.1	5.72e-65	223	36.383	54
AFK65394.1	UVS53412.1	5.72e-65	223	36.383	54
AFK65394.1	AAO79275.1	5.72e-65	223	36.383	54
AFK65394.1	NP_813081.1	5.72e-65	223	36.383	54
AFK65394.1	UVQ27076.1	5.72e-65	223	36.383	54
AFK65394.1	UVV82347.1	5.72e-65	223	36.383	54
AFK65394.1	UYU80217.1	5.72e-65	223	36.383	54
AFK65394.1	UVR93470.1	5.72e-65	223	36.383	54
AFK65394.1	UVS14861.1	5.72e-65	223	36.383	54
AFK65394.1	UVQ43992.1	5.94e-65	219	38.692	44
AFK65394.1	UVV54693.1	1.51e-64	222	36.383	54
AFK65394.1	QDV73899.1	7.68e-64	219	37.352	51
AFK65394.1	QDV78529.1	9.55e-63	216	36.879	51
AFK65394.1	USX12362.1	5.05e-59	204	37.875	51
AFK65394.1	BBB65963.1	5.52e-59	204	38.333	50
AFK65394.1	QVX14104.1	2.58e-58	201	37.981	50
AFK65394.1	AGT87959.1	3.32e-58	202	38.084	52
AFK65394.1	AEK46084.1	3.32e-58	202	38.084	52
AFK65394.1	ADJ49123.1	3.32e-58	202	38.084	52
AFK65394.1	AFO80831.1	3.32e-58	202	38.084	52
AFK65394.1	UZF74155.1	3.32e-58	202	38.084	52
AFK65394.1	QVX09163.1	4.63e-58	201	37.740	50
AFK65394.1	BBB59967.1	1.11e-57	200	38.200	49
AFK65394.1	AMW15655.1	1.26e-57	201	37.897	49
AFK65394.1	QEG35410.1	1.53e-57	202	36.930	51
AFK65394.1	SOS22968.1	2.07e-57	199	37.170	50
AFK65394.1	USX18706.1	2.39e-57	199	36.930	50
AFK65394.1	QGL59703.1	4.26e-57	198	37.897	49
AFK65394.1	QEC71875.1	4.74e-57	202	38.287	45
AFK65394.1	QGG74632.1	6.56e-57	197	37.260	50
AFK65394.1	QVI77891.1	1.00e-56	197	38.025	49
AFK65394.1	WDV49271.1	1.11e-56	198	35.802	49
AFK65394.1	QMV04815.1	1.12e-56	198	36.744	52
AFK65394.1	AXG51805.1	1.12e-56	198	36.744	52
AFK65394.1	UPT36298.1	1.49e-56	197	36.691	50
AFK65394.1	QWB04550.1	1.62e-56	196	37.838	49
AFK65394.1	ALU59121.1	1.68e-56	196	37.838	49
AFK65394.1	QVK33143.1	2.08e-56	196	37.838	49
AFK65394.1	USX24863.1	2.32e-56	197	37.890	50
AFK65394.1	UZA82408.1	2.37e-56	196	37.838	49
AFK65394.1	UOF22429.1	2.37e-56	196	37.838	49
AFK65394.1	AVX24523.1	2.37e-56	196	37.838	49
AFK65394.1	UQB39241.1	2.51e-56	196	37.653	49
AFK65394.1	AKF53128.1	2.70e-56	196	37.838	49
AFK65394.1	SOS14866.1	2.81e-56	196	37.838	49
AFK65394.1	CZT27244.1	2.81e-56	196	37.838	49
AFK65394.1	QIQ71427.1	3.29e-56	196	37.653	49
AFK65394.1	QGT84737.1	3.29e-56	196	37.653	49
AFK65394.1	QQQ51512.1	4.15e-56	196	37.592	49
AFK65394.1	QVI72969.1	4.15e-56	196	37.592	49
AFK65394.1	SDT56490.1	6.31e-56	195	37.019	50
AFK65394.1	QUP66809.1	6.31e-56	195	37.019	50
AFK65394.1	UZS65076.1	6.50e-56	195	37.346	49
AFK65394.1	QVI83089.1	7.63e-56	195	37.592	49
AFK65394.1	AVV46051.1	9.33e-56	195	37.745	49
AFK65394.1	SOP96073.1	1.07e-55	194	37.019	50
AFK65394.1	UNO26944.1	1.19e-55	194	36.451	50
AFK65394.1	QJD89557.1	1.32e-55	197	37.939	51
AFK65394.1	AMW15167.1	1.76e-55	194	36.919	49
AFK65394.1	AAY35910.1	1.82e-55	194	36.779	50
AFK65394.1	UWE10007.1	1.94e-55	198	38.424	49
AFK65394.1	UQB21020.1	2.03e-55	194	37.019	50
AFK65394.1	UBT77494.1	2.53e-55	193	36.451	50
AFK65394.1	AXH59285.1	2.56e-55	193	36.451	50
AFK65394.1	ARA83744.1	2.56e-55	193	36.451	50
AFK65394.1	QED87397.1	2.64e-55	193	36.451	50
AFK65394.1	ALE00858.1	3.00e-55	193	37.019	50
AFK65394.1	QNR40806.1	3.03e-55	193	36.779	50
AFK65394.1	QHF06706.1	3.09e-55	193	37.101	49
AFK65394.1	ADL25843.1	3.72e-55	197	33.853	51
AFK65394.1	ACX75581.1	4.10e-55	197	33.853	51
AFK65394.1	UFI45858.1	4.95e-55	192	36.691	50
AFK65394.1	QXW45822.1	4.95e-55	192	36.691	50
AFK65394.1	UNB69441.1	5.17e-55	192	37.176	51
AFK65394.1	AVB24448.1	5.20e-55	192	36.779	50
AFK65394.1	UZS70293.1	7.52e-55	192	37.101	49
AFK65394.1	ARD14545.1	7.91e-55	192	36.211	50
AFK65394.1	SOQ03124.1	8.39e-55	192	36.779	50
AFK65394.1	BBN61679.1	8.48e-55	192	36.779	50
AFK65394.1	AKF44442.1	8.74e-55	192	37.101	49
AFK65394.1	AHG42644.1	8.82e-55	192	36.603	50
AFK65394.1	AVB13347.1	8.91e-55	192	36.691	50
AFK65394.1	SOS41511.1	8.91e-55	192	36.691	50
AFK65394.1	SPD80551.1	8.91e-55	192	36.691	50
AFK65394.1	BCS46461.1	9.09e-55	192	36.211	50
AFK65394.1	QCD54184.1	1.31e-54	192	36.919	49
AFK65394.1	QGZ42617.1	1.39e-54	195	37.046	49
AFK65394.1	QZZ32479.1	2.11e-54	191	36.543	49
AFK65394.1	UOB14799.1	2.15e-54	192	37.037	49
AFK65394.1	UJR61972.1	1.10e-53	189	36.175	52
AFK65394.1	AID55367.1	1.85e-53	189	36.186	49
AFK65394.1	QPQ22839.1	1.85e-53	189	36.186	49
AFK65394.1	UJR54297.1	3.83e-53	188	35.714	52
AFK65394.1	UCZ75443.1	4.11e-53	188	35.945	52
AFK65394.1	QEO97374.1	4.82e-53	182	46.008	32
AFK65394.1	AUQ25362.1	5.70e-53	187	35.867	51
AFK65394.1	UJR58436.1	5.70e-53	187	35.867	51
AFK65394.1	QIZ51346.1	8.73e-53	187	35.714	52
AFK65394.1	QIZ47052.1	9.45e-53	187	35.586	54
AFK65394.1	ACZ77096.1	1.04e-52	187	35.945	52
AFK65394.1	UPT56197.1	1.05e-52	187	35.586	54
AFK65394.1	UUE11718.1	1.05e-52	187	35.586	54
AFK65394.1	QYM96099.1	1.42e-52	186	35.570	54
AFK65394.1	AEQ96624.1	1.70e-52	181	45.076	32
AFK65394.1	QPK21280.1	2.79e-52	185	34.253	52
AFK65394.1	AYH23070.1	2.79e-52	185	34.253	52
AFK65394.1	AYH14368.1	2.79e-52	185	34.253	52
AFK65394.1	QRN31773.1	2.79e-52	185	34.253	52
AFK65394.1	AYH05547.1	2.79e-52	185	34.253	52
AFK65394.1	QCP09179.1	2.86e-52	188	32.407	63
AFK65394.1	AJC66160.1	3.22e-52	185	34.685	54
AFK65394.1	AFI90081.1	4.71e-52	185	34.253	52
AFK65394.1	QQA74275.1	4.71e-52	185	34.253	52
AFK65394.1	AYH01281.1	4.90e-52	185	34.253	52
AFK65394.1	AYH31856.1	4.90e-52	185	34.253	52
AFK65394.1	ACX87824.1	5.20e-52	184	34.253	52
AFK65394.1	AZS56421.1	5.74e-52	184	34.253	52
AFK65394.1	AYH19293.1	5.74e-52	184	34.253	52
AFK65394.1	AYH09996.1	5.74e-52	184	34.253	52
AFK65394.1	AOR58972.1	5.74e-52	184	34.253	52
AFK65394.1	QHQ15901.1	5.74e-52	184	34.253	52
AFK65394.1	AYH36315.1	5.74e-52	184	34.253	52
AFK65394.1	QWT40645.1	7.92e-52	184	34.426	51
AFK65394.1	ADI03670.1	1.21e-51	184	35.802	49
AFK65394.1	QJE01976.1	2.93e-51	182	36.235	51
AFK65394.1	AXW88158.1	3.11e-51	182	33.990	49
AFK65394.1	UYA60069.1	9.85e-51	181	34.804	49
AFK65394.1	QJA20137.1	1.64e-50	181	34.963	49
AFK65394.1	AGU87586.1	1.94e-50	180	35.817	50
AFK65394.1	AUH05429.1	1.94e-50	180	35.817	50
AFK65394.1	AUH01108.1	1.94e-50	180	35.817	50
AFK65394.1	QHG29521.1	2.10e-50	180	34.719	49
AFK65394.1	WCG81558.1	2.39e-50	180	34.286	51
AFK65394.1	QPK22361.1	2.41e-50	180	34.719	49
AFK65394.1	QSD17390.1	2.41e-50	180	34.719	49
AFK65394.1	ATV42949.1	2.41e-50	180	34.719	49
AFK65394.1	QSD25642.1	2.41e-50	180	34.719	49
AFK65394.1	QSD31405.1	2.41e-50	180	34.719	49
AFK65394.1	QSD49843.1	2.41e-50	180	34.719	49
AFK65394.1	QSD54424.1	2.41e-50	180	34.719	49
AFK65394.1	UKY55765.1	2.41e-50	180	34.719	49
AFK65394.1	UUE72171.1	2.56e-50	180	34.804	49
AFK65394.1	UUE51766.1	2.56e-50	180	34.804	49
AFK65394.1	UUE42582.1	2.56e-50	180	34.804	49
AFK65394.1	ACT12814.1	2.56e-50	180	34.804	49
AFK65394.1	UUE47560.1	2.56e-50	180	34.804	49
AFK65394.1	UUE64399.1	2.56e-50	180	34.804	49
AFK65394.1	UUE80795.1	2.56e-50	180	34.804	49
AFK65394.1	QPI44814.1	2.56e-50	180	34.804	49
AFK65394.1	UXK02084.1	2.56e-50	180	34.804	49
AFK65394.1	UUE60176.1	2.56e-50	180	34.804	49
AFK65394.1	UUE38206.1	2.56e-50	180	34.804	49
AFK65394.1	UUE43342.1	2.56e-50	180	34.804	49
AFK65394.1	ADM98300.1	2.67e-50	180	34.186	51
AFK65394.1	QDX30225.1	2.73e-50	180	34.932	53
AFK65394.1	UYX08632.1	2.99e-50	180	34.719	49
AFK65394.1	ATZ94314.1	3.42e-50	179	34.772	50
AFK65394.1	QOH47750.1	3.42e-50	179	34.772	50
AFK65394.1	ATO32925.1	3.63e-50	179	34.689	50
AFK65394.1	QVH60974.1	3.63e-50	179	34.689	50
AFK65394.1	QVH52574.1	3.63e-50	179	34.689	50
AFK65394.1	QVH69367.1	3.63e-50	179	34.689	50
AFK65394.1	QVH81968.1	3.63e-50	179	34.689	50
AFK65394.1	QVH44174.1	3.63e-50	179	34.689	50
AFK65394.1	QVH48373.1	3.63e-50	179	34.689	50
AFK65394.1	QVH65169.1	3.63e-50	179	34.689	50
AFK65394.1	QVH39974.1	3.63e-50	179	34.689	50
AFK65394.1	UOO21749.1	3.63e-50	179	34.689	50
AFK65394.1	QWC44705.1	3.63e-50	179	34.689	50
AFK65394.1	QVH73570.1	3.63e-50	179	34.689	50
AFK65394.1	QVH77765.1	3.63e-50	179	34.689	50
AFK65394.1	QVH56771.1	3.63e-50	179	34.689	50
AFK65394.1	AYC18877.1	3.63e-50	179	34.689	50
AFK65394.1	AYH47991.1	3.88e-50	179	34.772	50
AFK65394.1	UGA52876.1	3.88e-50	179	34.772	50
AFK65394.1	AHL89026.1	3.88e-50	179	34.772	50
AFK65394.1	ASV63913.1	3.88e-50	179	34.772	50
AFK65394.1	UWH09204.1	3.88e-50	179	34.772	50
AFK65394.1	UMB78739.1	3.88e-50	179	34.772	50
AFK65394.1	UKE83751.1	4.31e-50	179	34.559	49
AFK65394.1	UVO10105.1	5.09e-50	179	34.719	49
AFK65394.1	QQG30169.1	5.62e-50	179	34.474	49
AFK65394.1	QHP54568.1	5.62e-50	179	34.474	49
AFK65394.1	QLL93653.1	5.62e-50	179	34.474	49
AFK65394.1	QRN36648.1	5.62e-50	179	34.474	49
AFK65394.1	ULS50999.1	5.62e-50	179	34.474	49
AFK65394.1	QHP58632.1	5.62e-50	179	34.474	49
AFK65394.1	UCP85708.1	6.08e-50	179	34.474	49
AFK65394.1	UCZ81355.1	7.11e-50	179	34.719	49
AFK65394.1	WCQ88684.1	7.19e-50	182	35.099	55
AFK65394.1	AUX29293.1	7.19e-50	182	35.099	55
AFK65394.1	UFT96210.1	7.33e-50	179	34.474	49
AFK65394.1	QOL14485.1	7.88e-50	179	34.670	50
AFK65394.1	QHQ25452.1	8.24e-50	178	34.474	49
AFK65394.1	UAY90268.1	8.24e-50	178	34.474	49
AFK65394.1	UFK37804.1	8.24e-50	178	34.474	49
AFK65394.1	ASN85420.1	8.32e-50	178	34.474	49
AFK65394.1	ULS46533.1	8.32e-50	178	34.474	49
AFK65394.1	UCP79893.1	8.32e-50	178	34.474	49
AFK65394.1	QPK17456.1	8.32e-50	178	34.474	49
AFK65394.1	AVT59041.1	8.32e-50	178	34.474	49
AFK65394.1	ASY79180.1	8.66e-50	178	34.474	49
AFK65394.1	AFR03183.1	8.66e-50	178	34.474	49
AFK65394.1	UDQ77599.1	9.09e-50	178	34.474	49
AFK65394.1	UPY93474.1	9.93e-50	178	34.474	49
AFK65394.1	QHQ21623.1	9.93e-50	178	34.474	49
AFK65394.1	QHP80739.1	9.93e-50	178	34.474	49
AFK65394.1	QSD21113.1	9.93e-50	178	34.474	49
AFK65394.1	QRN35887.1	9.93e-50	178	34.474	49
AFK65394.1	AIR68138.1	1.30e-49	178	34.532	50
AFK65394.1	QDX97751.1	1.39e-49	178	33.729	51
AFK65394.1	QQK72442.1	1.52e-49	177	34.474	49
AFK65394.1	AZK62622.1	2.27e-49	177	34.230	49
AFK65394.1	UEQ09342.1	2.27e-49	177	34.230	49
AFK65394.1	ULR33071.1	2.71e-49	177	34.293	50
AFK65394.1	QKO09466.1	2.82e-49	177	34.286	50
AFK65394.1	QKO18089.1	2.82e-49	177	34.286	50
AFK65394.1	ANE77208.1	2.82e-49	177	34.286	50
AFK65394.1	AUC40461.1	2.82e-49	177	34.286	50
AFK65394.1	AUH11423.1	2.82e-49	177	34.286	50
AFK65394.1	AYQ51956.1	2.82e-49	177	34.286	50
AFK65394.1	QSI97175.1	2.82e-49	177	34.286	50
AFK65394.1	AUH07381.1	2.82e-49	177	34.286	50
AFK65394.1	QKO05320.1	2.82e-49	177	34.286	50
AFK65394.1	SLM63028.1	7.23e-49	176	34.217	50
AFK65394.1	URG54304.1	7.79e-49	176	34.230	49
AFK65394.1	UEM41100.1	7.79e-49	176	34.230	49
AFK65394.1	URG50519.1	7.79e-49	176	34.230	49
AFK65394.1	UKL09135.1	6.44e-48	172	34.532	50
AFK65394.1	AIA71354.1	6.70e-48	173	33.741	49
AFK65394.1	AIK13826.1	6.70e-48	173	33.741	49
AFK65394.1	ATY90663.1	6.70e-48	173	33.741	49
AFK65394.1	QXE13222.1	6.70e-48	173	33.741	49
AFK65394.1	QWC51381.1	7.34e-48	172	33.741	49
AFK65394.1	BCY09550.1	1.32e-47	172	34.975	49
AFK65394.1	CAG75452.1	1.56e-47	173	33.741	49
AFK65394.1	UVV60686.1	4.51e-46	162	42.672	28
AFK65394.1	ACS85991.1	5.83e-45	165	35.252	50
AFK65394.1	QIM10227.1	5.27e-41	152	33.718	40
AFK65394.1	AQS14258.1	1.23e-40	144	46.296	21
AFK65394.1	AGX43075.1	1.23e-40	144	46.296	21
AFK65394.1	AQS00275.1	1.23e-40	144	46.296	21
AFK65394.1	AQR90369.1	1.23e-40	144	46.296	21
AFK65394.1	UVQ24441.1	1.23e-37	138	37.860	29
AFK65394.1	AAZ34634.1	1.35e-36	139	36.667	40
AFK65394.1	QGY47185.1	4.67e-35	138	28.959	51
AFK65394.1	UVV54701.1	6.96e-34	125	42.690	21
AFK65394.1	UVQ24440.1	7.89e-34	125	42.690	21
AFK65394.1	BBM70709.1	6.02e-32	127	30.404	51
AFK65394.1	CCT61106.1	2.40e-31	124	29.929	51
AFK65394.1	AEN74282.1	2.85e-31	125	30.456	51
AFK65394.1	ACY49268.1	2.85e-31	125	30.456	51
AFK65394.1	AXG58543.1	1.10e-30	122	30.353	51
AFK65394.1	ANS69624.1	1.10e-30	122	30.353	51
AFK65394.1	QMV11180.1	1.10e-30	122	30.353	51
AFK65394.1	BCJ68518.1	5.16e-30	123	30.000	48
AFK65394.1	UUA04577.1	6.47e-30	120	29.698	51
AFK65394.1	UUA12202.1	6.47e-30	120	29.698	51
AFK65394.1	QWB21651.1	6.47e-30	120	29.698	51
