AEI43346.1	AEI43346.1	0.0	2043	100.000	100
AEI43346.1	AFK65394.1	0.0	1568	98.312	78
AEI43346.1	AFH63317.1	0.0	1566	98.309	77
AEI43346.1	APQ62066.1	0.0	616	74.874	40
AEI43346.1	QGH37026.1	0.0	540	65.330	42
AEI43346.1	QDG64572.1	0.0	532	62.295	42
AEI43346.1	UOQ49844.1	2.64e-174	514	61.860	42
AEI43346.1	UOQ83449.1	6.35e-172	508	60.698	42
AEI43346.1	URZ13550.1	5.69e-150	448	54.950	41
AEI43346.1	URZ03136.1	5.69e-150	448	54.950	41
AEI43346.1	URZ08519.1	5.69e-150	448	54.950	41
AEI43346.1	URZ14487.1	2.03e-148	444	54.657	41
AEI43346.1	ADL53901.1	2.41e-148	444	54.106	42
AEI43346.1	BAV13164.1	2.41e-148	444	54.106	42
AEI43346.1	AEI32814.1	1.75e-147	442	54.115	40
AEI43346.1	AAK81317.1	1.75e-147	442	54.115	40
AEI43346.1	AWV81016.1	1.75e-147	442	54.115	40
AEI43346.1	NP_349977.1	1.75e-147	442	54.115	40
AEI43346.1	ADZ22427.1	1.75e-147	442	54.115	40
AEI43346.1	AQR97379.1	5.68e-143	430	53.659	41
AEI43346.1	AQR95316.1	2.24e-121	374	51.289	39
AEI43346.1	AGF56642.1	4.85e-120	370	51.031	39
AEI43346.1	UUO05566.1	3.22e-112	350	47.990	40
AEI43346.1	QHG85759.1	6.31e-92	297	45.131	40
AEI43346.1	QEC56425.1	4.25e-90	292	44.342	40
AEI43346.1	SMR00820.1	8.05e-86	280	43.750	40
AEI43346.1	AOD17115.1	8.47e-86	280	43.750	40
AEI43346.1	AOD13722.1	8.47e-86	280	43.750	40
AEI43346.1	SMQ93684.1	1.08e-85	280	43.750	40
AEI43346.1	QMV13892.1	1.87e-84	276	43.333	40
AEI43346.1	WCM95171.1	2.78e-84	276	44.365	40
AEI43346.1	UFN12909.1	3.08e-84	277	42.143	41
AEI43346.1	UFN17473.1	3.08e-84	277	42.143	41
AEI43346.1	UFN33164.1	3.08e-84	277	42.143	41
AEI43346.1	UFN24216.1	3.08e-84	277	42.143	41
AEI43346.1	UFN28707.1	3.08e-84	277	42.143	41
AEI43346.1	UFN31398.1	3.08e-84	277	42.143	41
AEI43346.1	UFS53660.1	3.08e-84	277	42.143	41
AEI43346.1	UFN05263.1	3.08e-84	277	42.143	41
AEI43346.1	UFN22963.1	3.08e-84	277	42.143	41
AEI43346.1	UFN40565.1	3.08e-84	277	42.143	41
AEI43346.1	UFN08329.1	3.08e-84	277	42.143	41
AEI43346.1	UFN01569.1	3.08e-84	277	42.143	41
AEI43346.1	UFS50996.1	3.08e-84	277	42.143	41
AEI43346.1	UFN06037.1	3.08e-84	277	42.143	41
AEI43346.1	UFN26461.1	3.08e-84	277	42.143	41
AEI43346.1	UWO01927.1	6.34e-84	278	41.435	40
AEI43346.1	QNL41162.1	7.78e-84	278	40.523	43
AEI43346.1	QWN18722.1	1.38e-83	275	43.972	41
AEI43346.1	QWN14437.1	1.38e-83	275	43.972	41
AEI43346.1	ATS66014.1	1.38e-83	275	43.972	41
AEI43346.1	UZB31340.1	1.38e-83	275	43.972	41
AEI43346.1	AZU15452.1	1.38e-83	275	43.972	41
AEI43346.1	AZU36975.1	1.38e-83	275	43.972	41
AEI43346.1	QTL01509.1	1.38e-83	275	43.972	41
AEI43346.1	QWN35418.1	1.38e-83	275	43.972	41
AEI43346.1	ATS32394.1	1.38e-83	275	43.972	41
AEI43346.1	ATS53723.1	1.38e-83	275	43.972	41
AEI43346.1	QWN10154.1	1.38e-83	275	43.972	41
AEI43346.1	UZB10455.1	1.38e-83	275	43.972	41
AEI43346.1	UZB02004.1	1.38e-83	275	43.972	41
AEI43346.1	UZB27198.1	1.38e-83	275	43.972	41
AEI43346.1	QWN27109.1	1.38e-83	275	43.972	41
AEI43346.1	ATS86870.1	1.38e-83	275	43.972	41
AEI43346.1	QWN31278.1	1.38e-83	275	43.972	41
AEI43346.1	UNW14355.1	1.38e-83	275	43.972	41
AEI43346.1	AZU32599.1	1.38e-83	275	43.972	41
AEI43346.1	ATS40920.1	1.38e-83	275	43.972	41
AEI43346.1	UZB14578.1	1.38e-83	275	43.972	41
AEI43346.1	ATS82492.1	1.38e-83	275	43.972	41
AEI43346.1	ATS91046.1	1.38e-83	275	43.972	41
AEI43346.1	CDF63691.1	1.38e-83	275	43.972	41
AEI43346.1	QWN06014.1	1.38e-83	275	43.972	41
AEI43346.1	QTK97571.1	1.38e-83	275	43.972	41
AEI43346.1	ATS49454.1	1.38e-83	275	43.972	41
AEI43346.1	ATS45190.1	1.38e-83	275	43.972	41
AEI43346.1	ATS61974.1	1.38e-83	275	43.972	41
AEI43346.1	ATS28403.1	1.38e-83	275	43.972	41
AEI43346.1	AZU28210.1	1.38e-83	275	43.972	41
AEI43346.1	UZB06210.1	1.38e-83	275	43.972	41
AEI43346.1	QBG99881.1	2.23e-83	274	44.811	41
AEI43346.1	APP82189.1	2.47e-83	274	41.766	40
AEI43346.1	CAH2706286.1	2.47e-83	274	41.766	40
AEI43346.1	CAD0299049.1	2.47e-83	274	41.766	40
AEI43346.1	CAD0298904.1	2.47e-83	274	41.766	40
AEI43346.1	QEW17348.1	2.47e-83	274	41.766	40
AEI43346.1	SCV08451.1	2.83e-83	276	40.959	43
AEI43346.1	QRQ55841.1	2.83e-83	276	40.959	43
AEI43346.1	UWN94109.1	2.83e-83	276	40.959	43
AEI43346.1	ALJ49034.1	2.83e-83	276	40.959	43
AEI43346.1	APP86776.1	2.91e-83	273	41.766	40
AEI43346.1	CAD0299007.1	2.91e-83	273	41.766	40
AEI43346.1	ASW48588.1	2.91e-83	273	41.766	40
AEI43346.1	CAD0305275.1	2.91e-83	273	41.766	40
AEI43346.1	ASK98990.1	3.57e-83	273	44.575	41
AEI43346.1	ASL00368.1	3.57e-83	273	44.575	41
AEI43346.1	QNM58991.1	3.84e-83	273	41.055	42
AEI43346.1	QBG88262.1	3.88e-83	273	44.575	41
AEI43346.1	QBG95941.1	5.18e-83	273	44.712	40
AEI43346.1	QUT27398.1	5.38e-83	275	41.570	40
AEI43346.1	QBH03974.1	5.48e-83	273	44.712	40
AEI43346.1	QBG92135.1	5.89e-83	273	44.340	41
AEI43346.1	UNE61027.1	5.89e-83	273	44.340	41
AEI43346.1	ASK92220.1	6.52e-83	273	45.122	39
AEI43346.1	QDH54541.1	6.79e-83	275	41.570	40
AEI43346.1	UVP26362.1	6.79e-83	275	41.570	40
AEI43346.1	QKJ32757.1	6.98e-83	273	41.981	40
AEI43346.1	WAH62346.1	7.76e-83	272	44.575	41
AEI43346.1	WAH62385.1	7.76e-83	272	44.575	41
AEI43346.1	UTS72254.1	7.76e-83	272	44.575	41
AEI43346.1	UTS72225.1	7.76e-83	272	44.575	41
AEI43346.1	CAG9866746.1	1.20e-82	274	41.570	40
AEI43346.1	QIU94582.1	1.40e-82	274	40.363	41
AEI43346.1	AXI82776.1	1.56e-82	271	42.752	39
AEI43346.1	ASK99020.1	3.69e-82	271	44.340	41
AEI43346.1	AFC86662.1	1.07e-81	270	42.217	41
AEI43346.1	CAD7724156.1	1.79e-81	269	43.868	41
AEI43346.1	CAD7726161.1	1.79e-81	269	43.868	41
AEI43346.1	CAD7713457.1	1.79e-81	269	43.868	41
AEI43346.1	CAD7726165.1	1.79e-81	269	43.868	41
AEI43346.1	CAD7719851.1	1.79e-81	269	43.868	41
AEI43346.1	CAD7713458.1	1.79e-81	269	43.868	41
AEI43346.1	UVP44143.1	6.63e-81	267	39.627	40
AEI43346.1	UVP58141.1	6.63e-81	267	39.627	40
AEI43346.1	QUT69881.1	6.63e-81	267	39.627	40
AEI43346.1	UVR75954.1	1.28e-80	266	41.587	39
AEI43346.1	UYU87715.1	1.53e-80	266	39.627	40
AEI43346.1	QMW86526.1	1.53e-80	266	39.627	40
AEI43346.1	UVO75620.1	1.53e-80	266	39.627	40
AEI43346.1	AAO79288.1	1.53e-80	266	39.627	40
AEI43346.1	UVS14872.1	1.53e-80	266	39.627	40
AEI43346.1	NP_813094.1	1.53e-80	266	39.627	40
AEI43346.1	UYU94930.1	1.53e-80	266	39.627	40
AEI43346.1	UML63425.1	1.53e-80	266	39.627	40
AEI43346.1	UVP30591.1	1.61e-80	266	39.627	40
AEI43346.1	USP14694.1	2.09e-80	266	42.755	41
AEI43346.1	APO97700.1	2.52e-80	266	45.261	40
AEI43346.1	WCC57037.1	2.52e-80	266	45.261	40
AEI43346.1	WCC56863.1	2.52e-80	266	45.261	40
AEI43346.1	WCC52626.1	2.52e-80	266	45.261	40
AEI43346.1	APP02072.1	2.52e-80	266	45.261	40
AEI43346.1	UVR93481.1	3.34e-80	265	39.770	41
AEI43346.1	QOY22216.1	4.41e-80	265	44.444	41
AEI43346.1	QQK68361.1	4.41e-80	265	44.444	41
AEI43346.1	QQA07680.1	4.67e-80	265	39.394	40
AEI43346.1	QOV90777.1	5.51e-80	265	41.133	39
AEI43346.1	UVS53399.1	6.03e-80	265	39.394	40
AEI43346.1	UYU64514.1	6.03e-80	265	39.394	40
AEI43346.1	QZU79640.1	7.09e-80	264	39.394	40
AEI43346.1	UYU74280.1	7.09e-80	264	39.394	40
AEI43346.1	UBD13741.1	7.09e-80	264	39.394	40
AEI43346.1	UYU61134.1	7.09e-80	264	39.394	40
AEI43346.1	UVS27248.1	7.09e-80	264	39.394	40
AEI43346.1	QZU85075.1	7.09e-80	264	39.394	40
AEI43346.1	UVV86839.1	7.16e-80	264	39.443	41
AEI43346.1	SMQ95623.1	7.33e-80	264	44.811	41
AEI43346.1	SMQ97035.1	7.33e-80	264	44.811	41
AEI43346.1	QUT42080.1	8.51e-80	264	39.394	40
AEI43346.1	UYU80229.1	8.51e-80	264	39.394	40
AEI43346.1	UYV00570.1	8.51e-80	264	39.394	40
AEI43346.1	UYU70595.1	9.81e-80	264	39.394	40
AEI43346.1	AWM41538.1	1.15e-79	264	41.745	40
AEI43346.1	VTS11906.1	1.15e-79	264	41.745	40
AEI43346.1	UVQ27064.1	1.19e-79	264	39.394	40
AEI43346.1	UVV82359.1	1.20e-79	264	39.394	40
AEI43346.1	UDI80538.1	1.24e-79	264	45.024	40
AEI43346.1	UIS28587.1	1.24e-79	264	45.024	40
AEI43346.1	CAJ23955.1	1.24e-79	264	45.024	40
AEI43346.1	QCZ74918.1	1.24e-79	264	45.024	40
AEI43346.1	UIE44573.1	1.24e-79	264	45.024	40
AEI43346.1	AOY65827.1	1.24e-79	264	45.024	40
AEI43346.1	AOD18585.1	1.28e-79	264	44.575	41
AEI43346.1	AOD15185.1	1.28e-79	264	44.575	41
AEI43346.1	SMR03597.1	1.28e-79	264	44.575	41
AEI43346.1	SMQ99564.1	1.28e-79	264	44.575	41
AEI43346.1	APO93978.1	1.51e-79	263	44.340	41
AEI43346.1	APP74218.1	1.51e-79	263	44.340	41
AEI43346.1	UBT77369.1	1.58e-79	262	44.619	36
AEI43346.1	UYP80204.1	1.74e-79	263	44.787	40
AEI43346.1	BCA48728.1	2.14e-79	263	39.394	40
AEI43346.1	QCZ85174.1	1.06e-78	261	44.787	40
AEI43346.1	QCZ68962.1	1.06e-78	261	44.787	40
AEI43346.1	QCZ65260.1	1.06e-78	261	44.787	40
AEI43346.1	QCZ76585.1	1.06e-78	261	44.787	40
AEI43346.1	QCZ89576.1	1.06e-78	261	44.787	40
AEI43346.1	QCZ81257.1	1.06e-78	261	44.787	40
AEI43346.1	QDU74158.1	1.71e-78	261	40.515	41
AEI43346.1	AOZ98790.1	9.67e-77	256	39.059	40
AEI43346.1	AFN73329.1	2.89e-76	258	39.480	40
AEI43346.1	UBM38526.1	2.04e-73	247	40.281	41
AEI43346.1	QNM63823.1	2.05e-73	244	45.938	34
AEI43346.1	QKD99460.1	4.00e-73	245	42.368	37
AEI43346.1	UOQ97144.1	2.87e-72	257	40.690	39
AEI43346.1	QUE52576.1	4.64e-72	243	37.324	40
AEI43346.1	UKM63844.1	6.47e-72	246	37.413	40
AEI43346.1	QEW35572.1	1.79e-71	244	34.096	45
AEI43346.1	UVO94252.1	1.93e-71	243	34.100	45
AEI43346.1	QUT42065.1	2.51e-71	244	37.328	47
AEI43346.1	UYU70608.1	2.55e-71	243	37.328	47
AEI43346.1	UYU89506.1	2.55e-71	243	37.328	47
AEI43346.1	UVP44130.1	1.16e-70	242	37.132	47
AEI43346.1	QUT69867.1	1.36e-70	241	37.132	47
AEI43346.1	AWI10412.1	2.70e-70	253	40.385	39
AEI43346.1	AWI07866.1	3.06e-70	253	40.385	39
AEI43346.1	BDC04269.1	1.11e-69	238	34.328	44
AEI43346.1	BDC08375.1	1.11e-69	238	34.328	44
AEI43346.1	BDC12399.1	1.11e-69	238	34.328	44
AEI43346.1	ACB75214.1	1.86e-68	233	39.024	39
AEI43346.1	APZ46070.1	3.15e-68	235	37.773	42
AEI43346.1	QDV42832.1	5.12e-68	231	38.725	39
AEI43346.1	UVS50588.1	2.52e-67	233	36.383	43
AEI43346.1	UBE46994.1	2.52e-67	233	36.383	43
AEI43346.1	UVQ61506.1	2.52e-67	233	36.383	43
AEI43346.1	UVP35374.1	2.52e-67	233	36.383	43
AEI43346.1	UVQ76746.1	2.52e-67	233	36.383	43
AEI43346.1	UYU56965.1	6.29e-67	231	36.170	43
AEI43346.1	UVS36493.1	6.29e-67	231	36.170	43
AEI43346.1	UVR67196.1	6.29e-67	231	36.170	43
AEI43346.1	AEV96474.1	8.09e-67	231	37.232	40
AEI43346.1	ATC63118.1	3.60e-65	224	38.810	40
AEI43346.1	UAY53803.1	3.65e-65	236	41.646	39
AEI43346.1	UAY53803.1	6.44e-53	198	37.108	39
AEI43346.1	UVP30580.1	3.73e-65	226	36.383	43
AEI43346.1	UVQ24448.1	3.73e-65	226	36.383	43
AEI43346.1	UBD13728.1	3.73e-65	226	36.383	43
AEI43346.1	BCA48715.1	3.73e-65	226	36.383	43
AEI43346.1	UYU87728.1	3.73e-65	226	36.383	43
AEI43346.1	QQA07693.1	3.73e-65	226	36.383	43
AEI43346.1	UYU61121.1	3.73e-65	226	36.383	43
AEI43346.1	UYV00558.1	3.73e-65	226	36.383	43
AEI43346.1	UVQ71705.1	3.73e-65	226	36.383	43
AEI43346.1	QMW86514.1	3.73e-65	226	36.383	43
AEI43346.1	UVV86827.1	3.73e-65	226	36.383	43
AEI43346.1	UML63412.1	3.73e-65	226	36.383	43
AEI43346.1	QZU85089.1	3.73e-65	226	36.383	43
AEI43346.1	UYU74266.1	3.73e-65	226	36.383	43
AEI43346.1	QZU79654.1	3.73e-65	226	36.383	43
AEI43346.1	UYU94918.1	3.73e-65	226	36.383	43
AEI43346.1	UVO75605.1	3.73e-65	226	36.383	43
AEI43346.1	UVS27237.1	3.73e-65	226	36.383	43
AEI43346.1	UVQ43980.1	3.73e-65	226	36.383	43
AEI43346.1	ALJ43466.1	3.73e-65	226	36.383	43
AEI43346.1	UYU64501.1	3.73e-65	226	36.383	43
AEI43346.1	UVS53412.1	3.73e-65	226	36.383	43
AEI43346.1	AAO79275.1	3.73e-65	226	36.383	43
AEI43346.1	NP_813081.1	3.73e-65	226	36.383	43
AEI43346.1	UVQ27076.1	3.73e-65	226	36.383	43
AEI43346.1	UVV82347.1	3.73e-65	226	36.383	43
AEI43346.1	UYU80217.1	3.73e-65	226	36.383	43
AEI43346.1	UVR93470.1	3.73e-65	226	36.383	43
AEI43346.1	UVS14861.1	3.73e-65	226	36.383	43
AEI43346.1	UVV54693.1	9.29e-65	225	36.383	43
AEI43346.1	UVQ43992.1	3.38e-64	220	38.692	34
AEI43346.1	QDV73899.1	2.69e-63	221	37.589	40
AEI43346.1	QDV78529.1	1.96e-62	218	36.343	43
AEI43346.1	BBB65963.1	1.32e-58	205	38.333	40
AEI43346.1	USX12362.1	2.81e-58	204	37.875	40
AEI43346.1	QVX14104.1	1.31e-57	201	38.221	39
AEI43346.1	QVX09163.1	2.52e-57	201	37.981	39
AEI43346.1	BBB59967.1	2.70e-57	201	38.200	39
AEI43346.1	SOS22968.1	6.04e-57	200	37.410	39
AEI43346.1	AGT87959.1	6.52e-57	200	37.617	41
AEI43346.1	AEK46084.1	6.52e-57	200	37.617	41
AEI43346.1	ADJ49123.1	6.52e-57	200	37.617	41
AEI43346.1	AFO80831.1	6.52e-57	200	37.617	41
AEI43346.1	UZF74155.1	6.52e-57	200	37.617	41
AEI43346.1	AMW15655.1	6.70e-57	201	37.897	39
AEI43346.1	QEG35410.1	7.61e-57	202	36.930	40
AEI43346.1	QEC71875.1	1.05e-56	204	38.346	36
AEI43346.1	USX18706.1	1.18e-56	199	36.930	39
AEI43346.1	QGL59703.1	1.38e-56	199	38.142	39
AEI43346.1	QGG74632.1	3.27e-56	197	37.500	39
AEI43346.1	WDV49271.1	4.34e-56	198	35.802	39
AEI43346.1	QVI77891.1	5.07e-56	197	38.272	38
AEI43346.1	UPT36298.1	5.32e-56	197	36.930	39
AEI43346.1	QMV04815.1	6.48e-56	198	37.164	39
AEI43346.1	AXG51805.1	6.48e-56	198	37.164	39
AEI43346.1	QWB04550.1	6.65e-56	197	38.084	38
AEI43346.1	ALU59121.1	7.61e-56	196	38.084	38
AEI43346.1	UQB39241.1	8.23e-56	196	37.897	39
AEI43346.1	QVK33143.1	8.63e-56	196	38.084	38
AEI43346.1	QIQ71427.1	1.01e-55	196	37.897	39
AEI43346.1	QGT84737.1	1.01e-55	196	37.897	39
AEI43346.1	UZA82408.1	1.32e-55	196	38.084	38
AEI43346.1	UOF22429.1	1.32e-55	196	38.084	38
AEI43346.1	AVX24523.1	1.32e-55	196	38.084	38
AEI43346.1	USX24863.1	1.47e-55	196	37.890	39
AEI43346.1	SOS14866.1	1.47e-55	196	38.084	38
AEI43346.1	CZT27244.1	1.47e-55	196	38.084	38
AEI43346.1	QVI72969.1	2.09e-55	195	37.838	38
AEI43346.1	AKF53128.1	2.13e-55	195	38.084	38
AEI43346.1	QQQ51512.1	2.63e-55	195	37.838	38
AEI43346.1	UZS65076.1	3.32e-55	195	37.592	38
AEI43346.1	SDT56490.1	3.55e-55	194	37.260	39
AEI43346.1	QUP66809.1	3.55e-55	194	37.260	39
AEI43346.1	UNO26944.1	3.62e-55	194	36.691	39
AEI43346.1	QVI83089.1	4.70e-55	194	37.838	38
AEI43346.1	SOP96073.1	6.11e-55	194	37.260	39
AEI43346.1	QJD89557.1	6.13e-55	197	37.705	40
AEI43346.1	AVV46051.1	6.84e-55	195	37.745	39
AEI43346.1	AMW15167.1	7.92e-55	194	36.919	39
AEI43346.1	AXH59285.1	8.56e-55	194	36.691	39
AEI43346.1	ARA83744.1	8.56e-55	194	36.691	39
AEI43346.1	UBT77494.1	9.25e-55	193	36.691	39
AEI43346.1	UQB21020.1	9.81e-55	193	37.260	39
AEI43346.1	QGZ42617.1	9.98e-55	197	37.046	39
AEI43346.1	AAY35910.1	1.04e-54	193	37.019	39
AEI43346.1	QED87397.1	1.08e-54	193	36.691	39
AEI43346.1	ALE00858.1	1.64e-54	192	37.260	39
AEI43346.1	QNR40806.1	1.77e-54	192	37.019	39
AEI43346.1	UNB69441.1	1.78e-54	192	37.412	40
AEI43346.1	UFI45858.1	1.79e-54	192	36.930	39
AEI43346.1	QXW45822.1	1.79e-54	192	36.930	39
AEI43346.1	QHF06706.1	1.84e-54	192	37.346	38
AEI43346.1	UWE10007.1	2.33e-54	197	38.424	39
AEI43346.1	ARD14545.1	2.41e-54	192	36.451	39
AEI43346.1	AVB24448.1	2.71e-54	192	37.019	39
AEI43346.1	BCS46461.1	3.13e-54	192	36.451	39
AEI43346.1	UZS70293.1	3.31e-54	192	37.346	38
AEI43346.1	AVB13347.1	3.55e-54	192	36.930	39
AEI43346.1	SOS41511.1	3.55e-54	192	36.930	39
AEI43346.1	SPD80551.1	3.55e-54	192	36.930	39
AEI43346.1	QCD54184.1	3.78e-54	192	36.919	39
AEI43346.1	SOQ03124.1	4.18e-54	191	37.019	39
AEI43346.1	AKF44442.1	4.65e-54	191	37.346	38
AEI43346.1	BBN61679.1	5.12e-54	191	37.019	39
AEI43346.1	ACX75581.1	5.52e-54	196	33.853	40
AEI43346.1	ADL25843.1	6.80e-54	195	33.853	40
AEI43346.1	UOB14799.1	6.94e-54	192	37.037	39
AEI43346.1	QZZ32479.1	8.58e-54	191	36.543	39
AEI43346.1	AHG42644.1	9.22e-54	191	36.603	39
AEI43346.1	AID55367.1	4.55e-53	189	36.186	39
AEI43346.1	QPQ22839.1	4.55e-53	189	36.186	39
AEI43346.1	QEO97374.1	5.14e-53	183	46.388	25
AEI43346.1	UJR61972.1	5.94e-53	189	36.300	41
AEI43346.1	UCZ75443.1	1.79e-52	187	36.235	40
AEI43346.1	UJR54297.1	1.81e-52	187	35.831	41
AEI43346.1	AEQ96624.1	1.82e-52	182	45.455	25
AEI43346.1	AUQ25362.1	2.26e-52	187	36.650	39
AEI43346.1	UJR58436.1	2.26e-52	187	36.650	39
AEI43346.1	ACZ77096.1	4.05e-52	186	36.066	41
AEI43346.1	UPT56197.1	4.33e-52	186	36.066	41
AEI43346.1	UUE11718.1	4.33e-52	186	36.066	41
AEI43346.1	QIZ47052.1	4.42e-52	186	36.066	41
AEI43346.1	QWT40645.1	4.72e-52	186	35.142	40
AEI43346.1	QIZ51346.1	5.05e-52	186	35.831	41
AEI43346.1	QYM96099.1	5.15e-52	186	36.047	41
AEI43346.1	QCP09179.1	7.60e-52	189	32.407	50
AEI43346.1	QPK21280.1	8.42e-52	186	34.259	41
AEI43346.1	AYH23070.1	8.42e-52	186	34.259	41
AEI43346.1	AYH14368.1	8.42e-52	186	34.259	41
AEI43346.1	QRN31773.1	8.42e-52	186	34.259	41
AEI43346.1	AYH05547.1	8.42e-52	186	34.259	41
AEI43346.1	AFI90081.1	1.69e-51	185	34.259	41
AEI43346.1	QQA74275.1	1.69e-51	185	34.259	41
AEI43346.1	AYH01281.1	1.81e-51	184	34.259	41
AEI43346.1	AYH31856.1	1.81e-51	184	34.259	41
AEI43346.1	AJC66160.1	1.89e-51	184	35.129	41
AEI43346.1	AZS56421.1	1.99e-51	184	34.259	41
AEI43346.1	AYH19293.1	1.99e-51	184	34.259	41
AEI43346.1	AYH09996.1	1.99e-51	184	34.259	41
AEI43346.1	AOR58972.1	1.99e-51	184	34.259	41
AEI43346.1	QHQ15901.1	1.99e-51	184	34.259	41
AEI43346.1	AYH36315.1	1.99e-51	184	34.259	41
AEI43346.1	ACX87824.1	2.13e-51	184	34.259	41
AEI43346.1	ADI03670.1	4.28e-51	184	35.802	39
AEI43346.1	AXW88158.1	4.90e-51	183	33.990	39
AEI43346.1	ADM98300.1	1.32e-50	182	34.895	40
AEI43346.1	QJE01976.1	1.87e-50	182	36.706	40
AEI43346.1	UYA60069.1	3.79e-50	181	34.804	39
AEI43346.1	QJA20137.1	5.01e-50	181	34.804	39
AEI43346.1	QHG29521.1	7.55e-50	180	34.559	39
AEI43346.1	QPK22361.1	8.63e-50	180	34.559	39
AEI43346.1	QSD17390.1	8.63e-50	180	34.559	39
AEI43346.1	ATV42949.1	8.63e-50	180	34.559	39
AEI43346.1	QSD25642.1	8.63e-50	180	34.559	39
AEI43346.1	QSD31405.1	8.63e-50	180	34.559	39
AEI43346.1	QSD49843.1	8.63e-50	180	34.559	39
AEI43346.1	QSD54424.1	8.63e-50	180	34.559	39
AEI43346.1	UKY55765.1	8.63e-50	180	34.559	39
AEI43346.1	AGU87586.1	8.96e-50	180	35.577	39
AEI43346.1	AUH05429.1	8.96e-50	180	35.577	39
AEI43346.1	AUH01108.1	8.96e-50	180	35.577	39
AEI43346.1	ATZ94314.1	9.28e-50	180	35.024	39
AEI43346.1	QOH47750.1	9.28e-50	180	35.024	39
AEI43346.1	AYH47991.1	1.03e-49	179	35.024	39
AEI43346.1	UGA52876.1	1.03e-49	179	35.024	39
AEI43346.1	AHL89026.1	1.03e-49	179	35.024	39
AEI43346.1	ASV63913.1	1.03e-49	179	35.024	39
AEI43346.1	UWH09204.1	1.03e-49	179	35.024	39
AEI43346.1	UMB78739.1	1.03e-49	179	35.024	39
AEI43346.1	UUE72171.1	1.18e-49	179	34.644	39
AEI43346.1	UUE51766.1	1.18e-49	179	34.644	39
AEI43346.1	UUE42582.1	1.18e-49	179	34.644	39
AEI43346.1	ACT12814.1	1.18e-49	179	34.644	39
AEI43346.1	UUE47560.1	1.18e-49	179	34.644	39
AEI43346.1	UUE64399.1	1.18e-49	179	34.644	39
AEI43346.1	UUE80795.1	1.18e-49	179	34.644	39
AEI43346.1	QPI44814.1	1.18e-49	179	34.644	39
AEI43346.1	UXK02084.1	1.18e-49	179	34.644	39
AEI43346.1	UUE60176.1	1.18e-49	179	34.644	39
AEI43346.1	UUE38206.1	1.18e-49	179	34.644	39
AEI43346.1	UUE43342.1	1.18e-49	179	34.644	39
AEI43346.1	UYX08632.1	1.24e-49	179	34.719	39
AEI43346.1	UKE83751.1	1.28e-49	179	34.559	39
AEI43346.1	WCG81558.1	1.49e-49	179	34.286	40
AEI43346.1	QQG30169.1	1.51e-49	179	34.314	39
AEI43346.1	QHP54568.1	1.51e-49	179	34.314	39
AEI43346.1	QLL93653.1	1.51e-49	179	34.314	39
AEI43346.1	QRN36648.1	1.51e-49	179	34.314	39
AEI43346.1	ULS50999.1	1.51e-49	179	34.314	39
AEI43346.1	QHP58632.1	1.51e-49	179	34.314	39
AEI43346.1	ASN85420.1	1.94e-49	179	34.314	39
AEI43346.1	ULS46533.1	1.94e-49	179	34.314	39
AEI43346.1	UCP79893.1	1.94e-49	179	34.314	39
AEI43346.1	QPK17456.1	1.94e-49	179	34.314	39
AEI43346.1	AVT59041.1	1.94e-49	179	34.314	39
AEI43346.1	UVO10105.1	1.98e-49	179	34.559	39
AEI43346.1	UCP85708.1	2.07e-49	179	34.314	39
AEI43346.1	UCZ81355.1	2.22e-49	179	34.559	39
AEI43346.1	ATO32925.1	2.52e-49	178	34.699	39
AEI43346.1	QVH60974.1	2.52e-49	178	34.699	39
AEI43346.1	QVH52574.1	2.52e-49	178	34.699	39
AEI43346.1	QVH69367.1	2.52e-49	178	34.699	39
AEI43346.1	QVH81968.1	2.52e-49	178	34.699	39
AEI43346.1	QVH44174.1	2.52e-49	178	34.699	39
AEI43346.1	QVH48373.1	2.52e-49	178	34.699	39
AEI43346.1	QVH65169.1	2.52e-49	178	34.699	39
AEI43346.1	QVH39974.1	2.52e-49	178	34.699	39
AEI43346.1	UOO21749.1	2.52e-49	178	34.699	39
AEI43346.1	QWC44705.1	2.52e-49	178	34.699	39
AEI43346.1	QVH73570.1	2.52e-49	178	34.699	39
AEI43346.1	QVH77765.1	2.52e-49	178	34.699	39
AEI43346.1	QVH56771.1	2.52e-49	178	34.699	39
AEI43346.1	AYC18877.1	2.52e-49	178	34.699	39
AEI43346.1	UFT96210.1	2.63e-49	178	34.314	39
AEI43346.1	QHQ25452.1	2.87e-49	178	34.314	39
AEI43346.1	UAY90268.1	2.87e-49	178	34.314	39
AEI43346.1	UFK37804.1	2.87e-49	178	34.314	39
AEI43346.1	UDQ77599.1	2.92e-49	178	34.314	39
AEI43346.1	ASY79180.1	3.16e-49	178	34.314	39
AEI43346.1	AFR03183.1	3.16e-49	178	34.314	39
AEI43346.1	UPY93474.1	3.31e-49	178	34.314	39
AEI43346.1	QHQ21623.1	3.31e-49	178	34.314	39
AEI43346.1	QHP80739.1	3.31e-49	178	34.314	39
AEI43346.1	QSD21113.1	3.31e-49	178	34.314	39
AEI43346.1	QRN35887.1	3.31e-49	178	34.314	39
AEI43346.1	QDX30225.1	3.52e-49	178	34.803	41
AEI43346.1	AIR68138.1	3.73e-49	178	34.783	39
AEI43346.1	QQK72442.1	5.75e-49	177	34.314	39
AEI43346.1	WCQ88684.1	5.80e-49	181	35.320	43
AEI43346.1	AUX29293.1	5.80e-49	181	35.320	43
AEI43346.1	ULR33071.1	6.93e-49	177	34.541	39
AEI43346.1	AZK62622.1	7.03e-49	177	34.069	39
AEI43346.1	UEQ09342.1	7.03e-49	177	34.069	39
AEI43346.1	QOL14485.1	7.07e-49	177	34.434	40
AEI43346.1	QDX97751.1	7.10e-49	177	33.571	40
AEI43346.1	QKO09466.1	1.02e-48	177	34.198	40
AEI43346.1	QKO18089.1	1.02e-48	177	34.198	40
AEI43346.1	ANE77208.1	1.02e-48	177	34.198	40
AEI43346.1	AUC40461.1	1.02e-48	177	34.198	40
AEI43346.1	AUH11423.1	1.02e-48	177	34.198	40
AEI43346.1	AYQ51956.1	1.02e-48	177	34.198	40
AEI43346.1	QSI97175.1	1.02e-48	177	34.198	40
AEI43346.1	AUH07381.1	1.02e-48	177	34.198	40
AEI43346.1	QKO05320.1	1.02e-48	177	34.198	40
AEI43346.1	SLM63028.1	1.75e-48	176	34.198	40
AEI43346.1	URG54304.1	2.14e-48	176	34.069	39
AEI43346.1	UEM41100.1	2.14e-48	176	34.069	39
AEI43346.1	URG50519.1	2.14e-48	176	34.069	39
AEI43346.1	UKL09135.1	6.51e-48	173	34.772	39
AEI43346.1	QWC51381.1	2.31e-47	172	33.578	39
AEI43346.1	AIA71354.1	2.35e-47	172	33.578	39
AEI43346.1	AIK13826.1	2.35e-47	172	33.578	39
AEI43346.1	ATY90663.1	2.35e-47	172	33.578	39
AEI43346.1	QXE13222.1	2.35e-47	172	33.578	39
AEI43346.1	BCY09550.1	3.44e-47	172	34.975	39
AEI43346.1	CAG75452.1	3.83e-47	173	33.578	39
AEI43346.1	UVV60686.1	4.80e-46	163	42.672	22
AEI43346.1	ACS85991.1	1.58e-44	164	35.593	39
AEI43346.1	QIM10227.1	6.86e-41	153	34.694	32
AEI43346.1	AQS14258.1	7.97e-41	145	46.296	16
AEI43346.1	AGX43075.1	7.97e-41	145	46.296	16
AEI43346.1	AQS00275.1	7.97e-41	145	46.296	16
AEI43346.1	AQR90369.1	7.97e-41	145	46.296	16
AEI43346.1	UVQ24441.1	8.24e-38	139	37.959	23
AEI43346.1	AAZ34634.1	1.79e-36	139	36.970	31
AEI43346.1	QGY47185.1	2.77e-35	139	29.025	41
AEI43346.1	UVV54701.1	5.95e-34	125	42.690	17
AEI43346.1	UVQ24440.1	1.79e-33	124	42.690	17
AEI43346.1	BBM70709.1	1.68e-32	130	30.641	40
AEI43346.1	AEN74282.1	1.26e-31	127	30.166	40
AEI43346.1	ACY49268.1	1.26e-31	127	30.166	40
AEI43346.1	CCT61106.1	2.60e-31	124	29.691	40
AEI43346.1	AXG58543.1	2.47e-30	122	30.118	40
AEI43346.1	ANS69624.1	2.47e-30	122	30.118	40
AEI43346.1	QMV11180.1	2.47e-30	122	30.118	40
AEI43346.1	BCJ68518.1	3.38e-30	124	30.155	38
AEI43346.1	UUA04577.1	7.85e-30	120	29.698	40
AEI43346.1	UUA12202.1	7.85e-30	120	29.698	40
AEI43346.1	QWB21651.1	7.85e-30	120	29.698	40
