QYM77803.1	ATC63710.1	3.17e-98	355	33.173	63
QYM77803.1	ATC63710.1	6.94e-38	156	31.187	63
QYM77803.1	ATC63710.1	1.09e-36	152	43.214	63
QYM77803.1	ATC63710.1	5.04e-28	124	44.262	63
QYM77803.1	ATC63710.1	2.06e-26	118	35.971	63
QYM77803.1	ATC63710.1	1.07e-25	116	43.523	63
QYM77803.1	ATC63710.1	2.32e-24	111	35.769	63
QYM77803.1	ATC63710.1	1.37e-23	109	26.117	63
QYM77803.1	ATC63710.1	1.58e-23	108	33.333	63
QYM77803.1	ATC63710.1	9.30e-23	106	40.367	63
QYM77803.1	ATC63710.1	4.98e-22	103	47.590	63
QYM77803.1	ATC63710.1	8.52e-22	103	41.573	63
QYM77803.1	ATC63710.1	2.56e-21	101	40.107	63
QYM77803.1	ATC63710.1	3.00e-21	101	37.248	63
QYM77803.1	ATC63710.1	3.43e-21	101	43.590	63
QYM77803.1	ATC63710.1	8.49e-21	100	40.936	63
QYM77803.1	ATC63710.1	9.04e-20	96.7	40.104	63
QYM77803.1	ATC63710.1	1.12e-18	93.2	34.914	63
QYM77803.1	ATC63710.1	1.78e-18	92.4	41.558	63
QYM77803.1	ATC63710.1	7.27e-18	90.5	38.728	63
QYM77803.1	ATC63710.1	1.32e-17	89.7	36.979	63
QYM77803.1	ATC63710.1	1.56e-17	89.4	40.000	63
QYM77803.1	ATC63710.1	3.46e-17	88.2	31.561	63
QYM77803.1	ATC63710.1	8.64e-17	87.0	41.935	63
QYM77803.1	ATC63710.1	1.98e-16	85.5	38.122	63
QYM77803.1	ATC63710.1	4.58e-16	84.3	44.025	63
QYM77803.1	ATC63710.1	1.03e-15	83.2	36.464	63
QYM77803.1	ATC63710.1	6.07e-15	80.9	51.786	63
QYM77803.1	ATC63710.1	1.22e-14	79.7	51.724	63
QYM77803.1	ATC63710.1	1.13e-13	76.6	35.032	63
QYM77803.1	ATC63710.1	7.90e-12	70.5	51.163	63
QYM77803.1	ATC63710.1	8.04e-12	70.5	48.980	63
QYM77803.1	ATC63710.1	1.20e-11	69.7	36.875	63
QYM77803.1	ATC63710.1	4.07e-10	64.7	43.023	63
QYM77803.1	ATC63710.1	5.06e-10	64.3	34.270	63
QYM77803.1	ATC63710.1	5.89e-10	64.3	43.678	63
QYM77803.1	ATC63710.1	9.18e-10	63.5	35.200	63
QYM77803.1	ATC63710.1	1.28e-09	63.2	35.484	63
QYM77803.1	ATC63710.1	8.54e-09	60.5	45.238	63
QYM77803.1	ATC63710.1	1.34e-05	50.1	35.000	63
QYM77803.1	ATC63710.1	4.36e-05	48.1	32.800	63
QYM77803.1	ATC63710.1	7.66e-04	43.9	36.000	63
QYM77803.1	ATC63710.1	0.014	40.0	29.586	63
QYM77803.1	ATC63710.1	0.044	38.1	39.506	63
QYM77803.1	ATC63710.1	2.7	32.3	26.582	63
QYM77803.1	ADL52345.1	1.56e-77	286	42.584	11
QYM77803.1	ADL52345.1	0.002	43.1	34.146	11
QYM77803.1	QEH70392.1	1.49e-71	267	37.632	15
QYM77803.1	QEH70392.1	1.36e-16	86.3	32.057	15
QYM77803.1	QUF85207.1	2.27e-68	254	45.015	11
QYM77803.1	QUF85207.1	6.96e-08	57.4	29.032	11
QYM77803.1	ANF16373.1	4.65e-68	254	45.015	11
QYM77803.1	ANF16373.1	6.03e-08	57.4	28.495	11
QYM77803.1	ALR90301.1	4.65e-68	254	45.015	11
QYM77803.1	ALR90301.1	6.03e-08	57.4	28.495	11
QYM77803.1	ALS19187.1	4.65e-68	254	45.015	11
QYM77803.1	ALS19187.1	6.03e-08	57.4	28.495	11
QYM77803.1	QCJ04519.1	4.65e-68	254	45.015	11
QYM77803.1	QCJ04519.1	6.03e-08	57.4	28.495	11
QYM77803.1	AOR96288.1	4.65e-68	254	45.015	11
QYM77803.1	AOR96288.1	6.03e-08	57.4	28.495	11
QYM77803.1	QJU46596.1	7.41e-68	253	44.109	11
QYM77803.1	QJU46596.1	8.45e-08	57.0	29.032	11
QYM77803.1	AXB87087.1	7.41e-68	253	44.109	11
QYM77803.1	AXB87087.1	8.45e-08	57.0	29.032	11
QYM77803.1	QCJ08353.1	7.41e-68	253	44.109	11
QYM77803.1	QCJ08353.1	8.45e-08	57.0	29.032	11
QYM77803.1	WBQ01499.1	7.41e-68	253	44.109	11
QYM77803.1	WBQ01499.1	8.45e-08	57.0	29.032	11
QYM77803.1	UTY55157.1	1.44e-67	252	43.807	11
QYM77803.1	UTY55157.1	8.17e-08	57.0	29.032	11
QYM77803.1	BBK78742.1	1.53e-67	252	44.713	11
QYM77803.1	BBK78742.1	3.55e-08	58.2	29.032	11
QYM77803.1	QMW93303.1	1.53e-67	252	44.713	11
QYM77803.1	QMW93303.1	3.55e-08	58.2	29.032	11
QYM77803.1	UUN30697.1	8.80e-61	217	34.874	10
QYM77803.1	AEJ18225.1	2.18e-54	200	31.510	9
QYM77803.1	ADL35206.1	2.33e-53	207	33.741	13
QYM77803.1	ADL35206.1	0.91	33.9	24.444	13
QYM77803.1	ATQ74080.1	1.15e-48	187	30.983	11
QYM77803.1	AWI08751.1	3.06e-47	187	27.101	56
QYM77803.1	AWI08751.1	9.12e-37	152	30.697	56
QYM77803.1	AWI08751.1	3.26e-36	150	40.217	56
QYM77803.1	AWI08751.1	3.42e-32	137	38.676	56
QYM77803.1	AWI08751.1	1.15e-30	132	38.246	56
QYM77803.1	AWI08751.1	5.47e-26	117	34.165	56
QYM77803.1	AWI08751.1	2.80e-25	115	43.243	56
QYM77803.1	AWI08751.1	1.94e-24	112	39.062	56
QYM77803.1	AWI08751.1	9.09e-24	110	39.033	56
QYM77803.1	AWI08751.1	1.04e-22	106	38.645	56
QYM77803.1	AWI08751.1	2.41e-21	102	39.267	56
QYM77803.1	AWI08751.1	2.23e-20	99.0	42.458	56
QYM77803.1	AWI08751.1	1.11e-18	93.2	38.009	56
QYM77803.1	AWI08751.1	1.19e-18	93.2	37.288	56
QYM77803.1	AWI08751.1	3.51e-18	91.7	39.286	56
QYM77803.1	AWI08751.1	5.91e-18	90.9	37.363	56
QYM77803.1	AWI08751.1	1.47e-17	89.4	42.857	56
QYM77803.1	AWI08751.1	2.83e-17	88.6	34.259	56
QYM77803.1	AWI08751.1	3.09e-15	81.6	43.382	56
QYM77803.1	AWI08751.1	6.01e-14	77.4	39.759	56
QYM77803.1	AWI08751.1	6.64e-14	77.4	54.878	56
QYM77803.1	AWI08751.1	2.98e-12	72.0	41.748	56
QYM77803.1	AWI08751.1	3.74e-12	71.6	33.491	56
QYM77803.1	AWI08751.1	6.31e-10	64.3	35.443	56
QYM77803.1	AWI08751.1	9.86e-09	60.5	34.194	56
QYM77803.1	AWI08751.1	2.34e-08	58.9	36.975	56
QYM77803.1	AWI08751.1	3.27e-07	55.1	34.591	56
QYM77803.1	AWI08751.1	3.30e-07	55.1	38.532	56
QYM77803.1	AWI08751.1	3.30e-07	55.1	30.526	56
QYM77803.1	AWI08751.1	1.01e-06	53.5	47.887	56
QYM77803.1	AWI08751.1	5.34e-05	47.8	36.842	56
QYM77803.1	AWI08751.1	4.30e-04	45.1	34.694	56
QYM77803.1	AWI08751.1	4.52e-04	44.7	36.000	56
QYM77803.1	AWI08751.1	7.73e-04	43.9	44.776	56
QYM77803.1	AWI08751.1	0.001	43.5	27.350	56
QYM77803.1	AWI08751.1	0.002	43.1	34.579	56
QYM77803.1	AWI08751.1	0.002	42.7	37.931	56
QYM77803.1	AWI08751.1	0.005	41.2	43.860	56
QYM77803.1	AWI08751.1	0.015	39.7	28.986	56
QYM77803.1	AWI08751.1	0.22	35.8	33.333	56
QYM77803.1	AWI08751.1	7.1	30.8	39.583	56
QYM77803.1	UTF60843.1	2.00e-46	181	32.456	10
QYM77803.1	BBB62454.1	2.53e-46	180	30.862	11
QYM77803.1	USX21708.1	4.83e-45	171	32.366	10
QYM77803.1	AFT76417.1	5.97e-45	179	31.776	14
QYM77803.1	AFT76417.1	9.28e-09	60.5	25.106	14
QYM77803.1	CAI3969418.1	6.44e-45	179	31.776	14
QYM77803.1	CAI3969418.1	1.02e-08	60.1	25.106	14
QYM77803.1	CUI22738.1	7.16e-45	175	31.227	11
QYM77803.1	QPI52141.1	1.04e-44	174	30.654	11
QYM77803.1	CAI3968795.1	1.84e-44	177	30.917	14
QYM77803.1	CAI3968795.1	2.93e-08	58.5	25.366	14
QYM77803.1	AFS39232.1	1.99e-44	177	30.917	14
QYM77803.1	AFS39232.1	2.98e-08	58.5	25.366	14
QYM77803.1	AUI84266.1	2.25e-44	177	31.542	14
QYM77803.1	AUI84266.1	9.52e-09	60.1	25.106	14
QYM77803.1	AFT80158.1	2.27e-44	177	31.542	14
QYM77803.1	AFT80158.1	8.46e-09	60.5	25.106	14
QYM77803.1	QEY11447.1	2.99e-44	177	33.333	14
QYM77803.1	QEY11447.1	6.45e-11	67.4	28.241	14
QYM77803.1	CUI24487.1	3.46e-44	176	31.902	14
QYM77803.1	CUI24487.1	3.98e-05	48.1	26.804	14
QYM77803.1	AMN13500.1	6.73e-44	176	31.776	14
QYM77803.1	AMN13500.1	8.53e-09	60.5	24.609	14
QYM77803.1	ARU28398.1	8.44e-44	173	32.921	9
QYM77803.1	CAI3969468.1	1.17e-43	175	30.917	15
QYM77803.1	CAI3969468.1	5.95e-09	60.8	24.812	15
QYM77803.1	QPL49906.1	2.67e-43	174	29.681	16
QYM77803.1	QPL49906.1	8.84e-07	53.9	25.000	16
QYM77803.1	QJE00813.1	3.50e-43	172	32.944	13
QYM77803.1	QJE00813.1	2.66e-07	55.5	28.261	13
QYM77803.1	QEY19085.1	5.82e-43	172	33.192	14
QYM77803.1	QEY19085.1	2.26e-11	68.9	29.348	14
QYM77803.1	QEI14376.1	7.81e-43	171	30.092	12
QYM77803.1	QEI10800.1	7.81e-43	171	30.092	12
QYM77803.1	ACE84962.1	7.81e-43	171	30.092	12
QYM77803.1	QEI17954.1	7.81e-43	171	30.092	12
QYM77803.1	AVR97143.1	1.12e-42	170	30.600	12
QYM77803.1	AVR97143.1	0.034	38.5	36.364	12
QYM77803.1	AXA90589.1	2.52e-42	170	29.326	16
QYM77803.1	AXA90589.1	2.72e-08	58.5	27.619	16
QYM77803.1	BBO29598.1	2.89e-42	171	29.977	17
QYM77803.1	BBO29598.1	1.04e-04	47.0	21.569	17
QYM77803.1	WBS01054.1	3.43e-42	167	30.482	10
QYM77803.1	APE03558.1	4.01e-42	170	30.128	15
QYM77803.1	APE03558.1	1.64e-08	59.3	25.106	15
QYM77803.1	QKX17002.1	4.37e-42	169	32.080	10
QYM77803.1	APD91459.1	4.40e-42	170	30.128	15
QYM77803.1	APD91459.1	1.81e-09	62.8	26.609	15
QYM77803.1	QDG40122.1	5.15e-42	169	30.128	15
QYM77803.1	QDG40122.1	7.86e-09	60.5	25.106	15
QYM77803.1	QBI00881.1	8.26e-42	166	29.890	10
QYM77803.1	USX15311.1	9.39e-42	160	31.403	10
QYM77803.1	AAF86344.2	3.17e-41	167	29.382	17
QYM77803.1	AAF86344.2	5.99e-07	54.3	25.455	17
QYM77803.1	QGZ38205.1	3.81e-41	166	31.320	14
QYM77803.1	QGZ38205.1	5.22e-07	54.3	27.885	14
QYM77803.1	QJR80763.1	5.07e-41	166	27.570	21
QYM77803.1	QJR80763.1	8.76e-07	53.9	23.200	21
QYM77803.1	ANB24757.1	1.02e-40	165	30.323	15
QYM77803.1	ANB24757.1	4.31e-08	58.2	26.293	15
QYM77803.1	ANB21371.1	1.02e-40	165	30.323	15
QYM77803.1	ANB21371.1	4.31e-08	58.2	26.293	15
QYM77803.1	AMJ87918.1	1.02e-40	165	30.323	15
QYM77803.1	AMJ87918.1	4.31e-08	58.2	26.293	15
QYM77803.1	QNB00089.1	1.07e-40	155	33.421	8
QYM77803.1	USX23175.1	1.56e-40	164	33.333	12
QYM77803.1	USX23175.1	1.86e-06	52.8	26.500	12
QYM77803.1	QEY13685.1	1.83e-40	164	31.347	10
QYM77803.1	USX16732.1	3.16e-40	163	33.333	12
QYM77803.1	USX16732.1	1.71e-06	52.8	26.500	12
QYM77803.1	AWB69237.1	3.74e-40	164	30.843	13
QYM77803.1	AWB69237.1	2.40e-04	45.8	27.749	13
QYM77803.1	AWB69259.1	4.43e-40	162	31.613	10
QYM77803.1	UVS87657.1	1.44e-39	156	34.507	9
QYM77803.1	QJW81611.1	1.44e-39	156	34.507	9
QYM77803.1	AYA66297.1	1.65e-39	161	28.705	15
QYM77803.1	AYA66297.1	2.00e-07	55.8	26.768	15
QYM77803.1	QGA39467.1	1.73e-39	156	32.479	9
QYM77803.1	QBE65924.1	4.07e-39	159	31.591	14
QYM77803.1	QBE65924.1	5.37e-08	57.8	28.365	14
QYM77803.1	QJP69371.1	5.23e-39	154	32.265	9
QYM77803.1	CAN94243.1	6.59e-39	144	39.207	5
QYM77803.1	QBE65473.1	1.20e-38	156	29.880	9
QYM77803.1	UVS93811.1	1.34e-38	153	34.038	9
QYM77803.1	AJY64569.1	1.34e-38	153	34.038	9
QYM77803.1	ACR32218.1	1.34e-38	153	34.038	9
QYM77803.1	QQM93206.1	1.34e-38	153	34.038	9
QYM77803.1	USS42495.1	1.34e-38	153	34.038	9
QYM77803.1	QTP36987.1	1.34e-38	153	34.038	9
QYM77803.1	UVT02295.1	1.34e-38	153	34.038	9
QYM77803.1	QMW13289.1	2.22e-38	157	28.868	16
QYM77803.1	QMW13289.1	1.16e-08	60.1	26.695	16
QYM77803.1	USX27761.1	2.51e-38	150	30.000	10
QYM77803.1	QPL41681.1	3.07e-38	157	28.868	16
QYM77803.1	QPL41681.1	3.14e-08	58.5	26.271	16
QYM77803.1	QLJ07051.1	3.18e-38	157	28.868	16
QYM77803.1	QLJ07051.1	2.79e-08	58.5	26.271	16
QYM77803.1	QCP10768.1	3.70e-38	154	28.600	10
QYM77803.1	QBI02333.1	7.35e-38	155	30.641	16
QYM77803.1	QBI02333.1	5.77e-07	54.3	28.105	16
QYM77803.1	USX29066.1	8.88e-38	155	32.800	12
QYM77803.1	USX29066.1	2.95e-07	55.1	27.500	12
QYM77803.1	BCD98629.1	5.20e-37	150	28.933	12
QYM77803.1	QHQ40379.1	9.09e-37	151	30.837	10
QYM77803.1	UDF37448.1	3.13e-36	149	28.571	9
QYM77803.1	ALQ07772.1	1.71e-35	148	29.493	14
QYM77803.1	ALQ07772.1	3.00e-07	55.5	25.225	14
QYM77803.1	QIL90368.1	3.15e-34	143	29.915	10
QYM77803.1	AWL07414.1	3.60e-34	143	29.684	13
QYM77803.1	AWL07414.1	1.33e-06	53.1	27.717	13
QYM77803.1	ABQ07104.2	8.86e-33	130	30.178	7
QYM77803.1	QIH40645.1	1.04e-32	137	28.837	9
QYM77803.1	QOT69935.1	1.04e-32	137	28.837	9
QYM77803.1	QBE61711.1	1.24e-32	130	32.268	7
QYM77803.1	ABQ07104.1	1.70e-32	129	30.178	7
QYM77803.1	ANF98840.1	2.73e-32	128	35.857	6
QYM77803.1	QBI05096.1	2.95e-32	128	33.784	7
QYM77803.1	UPZ14923.1	8.06e-32	127	29.412	7
QYM77803.1	UQZ86811.1	2.68e-31	125	33.984	6
QYM77803.1	QCP09323.1	3.33e-31	126	33.010	7
QYM77803.1	QHJ07345.1	4.33e-31	125	35.472	6
QYM77803.1	AWK07529.1	7.43e-31	124	31.392	7
QYM77803.1	QTE37160.1	9.50e-31	124	32.647	7
QYM77803.1	AOC96423.1	1.05e-30	124	29.674	7
QYM77803.1	UOG77608.1	1.58e-30	124	31.804	7
QYM77803.1	WDF66259.1	2.29e-30	123	31.023	7
QYM77803.1	AEI40473.1	2.38e-30	130	34.333	14
QYM77803.1	AEI40473.1	0.005	41.2	31.980	14
QYM77803.1	AEI40473.1	4.2	31.6	30.894	14
QYM77803.1	AEI40473.1	7.9	30.8	34.783	14
QYM77803.1	UQZ83274.1	2.84e-30	131	31.726	16
QYM77803.1	UQZ83274.1	0.16	36.6	33.654	16
QYM77803.1	UQZ83274.1	0.70	34.3	25.664	16
QYM77803.1	UQZ83274.1	3.9	32.0	41.463	16
QYM77803.1	UQZ83274.1	5.7	31.2	30.769	16
QYM77803.1	UQZ83274.1	8.6	30.8	37.209	16
QYM77803.1	UUW08068.1	4.85e-30	122	30.205	7
QYM77803.1	CAN94242.1	5.18e-30	118	35.652	5
QYM77803.1	BDU26712.1	5.38e-30	122	30.820	7
QYM77803.1	SDS65913.1	8.47e-30	127	32.945	7
QYM77803.1	UPQ78894.1	1.03e-29	127	33.333	7
QYM77803.1	ALW87056.1	1.58e-29	120	30.952	7
QYM77803.1	AFC29088.1	1.60e-29	128	34.333	14
QYM77803.1	AFC29088.1	0.004	41.6	31.980	14
QYM77803.1	AFC29088.1	2.5	32.3	30.894	14
QYM77803.1	AFC29088.1	6.2	31.2	30.435	14
QYM77803.1	QTE57265.1	2.01e-29	120	32.733	7
QYM77803.1	QTF62030.1	2.01e-29	120	32.733	7
QYM77803.1	QTE52177.1	2.01e-29	120	32.733	7
QYM77803.1	QEM05297.1	2.01e-29	120	32.733	7
QYM77803.1	AOZ92378.1	2.07e-29	128	27.898	27
QYM77803.1	AOZ92378.1	0.010	40.4	40.000	27
QYM77803.1	AOZ92378.1	0.14	36.6	29.834	27
QYM77803.1	AOZ92378.1	0.14	36.6	23.554	27
QYM77803.1	AOZ92378.1	0.39	35.0	28.440	27
QYM77803.1	AOZ92378.1	1.8	33.1	24.419	27
QYM77803.1	AOZ92378.1	2.3	32.7	46.341	27
QYM77803.1	AOZ92378.1	2.7	32.3	32.632	27
QYM77803.1	URM36237.1	2.08e-29	120	30.693	7
QYM77803.1	AEI43151.1	2.14e-29	127	36.782	11
QYM77803.1	AEI43151.1	4.3	31.6	29.365	11
QYM77803.1	AEI43151.1	7.9	30.8	28.226	11
QYM77803.1	QYR20257.1	2.28e-29	127	28.351	18
QYM77803.1	QYR20257.1	0.059	37.7	35.417	18
QYM77803.1	QYR20257.1	1.6	33.1	32.500	18
QYM77803.1	QYR20257.1	3.2	32.0	28.571	18
QYM77803.1	AFK65307.1	2.49e-29	127	36.782	11
QYM77803.1	AFK65307.1	5.6	31.2	29.915	11
QYM77803.1	AFK65307.1	8.8	30.4	28.226	11
QYM77803.1	AFC30817.1	2.49e-29	127	36.782	11
QYM77803.1	AFC30817.1	5.6	31.2	29.915	11
QYM77803.1	AFC30817.1	8.8	30.4	28.226	11
QYM77803.1	QSW88705.1	3.10e-29	120	28.698	7
QYM77803.1	USD77426.1	4.68e-29	119	32.308	6
QYM77803.1	QOD60208.1	7.29e-29	124	30.573	7
QYM77803.1	APZ45400.1	7.48e-29	124	31.864	7
QYM77803.1	UOE34232.1	8.04e-29	119	32.432	7
QYM77803.1	QYR22258.1	8.35e-29	126	32.770	7
QYM77803.1	AKD03737.1	9.25e-29	118	32.542	7
QYM77803.1	UJF28990.1	1.08e-28	118	32.997	7
QYM77803.1	QJR82890.1	1.14e-28	118	31.949	7
QYM77803.1	UDB50420.1	1.20e-28	118	31.660	6
QYM77803.1	AFH60478.1	1.44e-28	118	32.567	6
QYM77803.1	QOW10425.1	1.54e-28	117	31.849	6
QYM77803.1	USY27463.1	1.97e-28	117	31.660	6
QYM77803.1	UOR06166.1	2.23e-28	117	32.542	7
QYM77803.1	AFC28305.1	2.50e-28	117	32.210	6
QYM77803.1	UOE51140.1	2.72e-28	117	31.737	7
QYM77803.1	QJD94598.1	3.16e-28	117	35.271	6
QYM77803.1	USD84605.1	4.14e-28	116	31.660	6
QYM77803.1	QWS52300.1	4.30e-28	116	31.660	6
QYM77803.1	QEK65207.1	4.34e-28	116	31.660	6
QYM77803.1	QNK43720.1	4.69e-28	116	31.660	6
QYM77803.1	AEI42049.1	5.03e-28	116	32.184	6
QYM77803.1	APJ11306.1	5.15e-28	116	31.660	6
QYM77803.1	QSI99778.1	5.15e-28	116	31.660	6
QYM77803.1	AYJ89439.1	5.15e-28	116	31.660	6
QYM77803.1	UDB47943.1	5.35e-28	116	31.660	6
QYM77803.1	UPI90250.1	7.95e-28	115	31.660	6
QYM77803.1	QAR54408.1	8.60e-28	115	32.700	6
QYM77803.1	UFH57131.1	1.01e-27	115	34.444	6
QYM77803.1	USY49502.1	1.20e-27	115	32.700	6
QYM77803.1	AOW11204.1	1.26e-27	115	29.080	7
QYM77803.1	QDZ96107.1	1.31e-27	115	32.700	6
QYM77803.1	QNE39968.1	1.32e-27	115	32.542	7
QYM77803.1	AXB58262.1	1.36e-27	120	32.899	7
QYM77803.1	ADY53893.1	1.38e-27	115	30.968	7
QYM77803.1	BDT61176.1	1.67e-27	121	29.327	14
QYM77803.1	BDT61176.1	1.84e-04	45.8	26.027	14
QYM77803.1	WBL29354.1	1.71e-27	114	31.274	6
QYM77803.1	ALJ61263.1	1.87e-27	114	33.010	7
QYM77803.1	UVP53546.1	1.87e-27	114	33.010	7
QYM77803.1	QXU49704.1	1.90e-27	114	30.667	7
QYM77803.1	UXC30751.1	2.04e-27	114	32.308	6
QYM77803.1	ATH72481.1	2.25e-27	114	32.700	6
QYM77803.1	AZV52580.1	2.25e-27	114	29.667	7
QYM77803.1	QRF81780.1	2.27e-27	114	32.700	6
QYM77803.1	ALR30064.1	2.39e-27	114	30.132	7
QYM77803.1	UEG49498.1	2.39e-27	114	33.333	7
QYM77803.1	QIH37756.1	2.41e-27	119	35.271	6
QYM77803.1	ANY97111.1	2.45e-27	114	32.700	6
QYM77803.1	ALM45631.1	2.45e-27	114	32.700	6
QYM77803.1	QXJ46965.1	2.45e-27	114	32.700	6
QYM77803.1	AOW19068.1	2.98e-27	119	32.143	7
QYM77803.1	QLG40475.1	3.14e-27	121	35.271	10
QYM77803.1	QLG40475.1	2.1	32.7	28.378	10
QYM77803.1	QLG40475.1	2.2	32.7	29.032	10
QYM77803.1	UVP00514.1	3.20e-27	114	32.686	7
QYM77803.1	UCB37408.1	3.20e-27	114	30.395	7
QYM77803.1	QDO69178.1	3.20e-27	114	30.395	7
QYM77803.1	UCB41652.1	3.20e-27	114	30.395	7
QYM77803.1	QNL41098.1	3.37e-27	120	29.211	8
QYM77803.1	QDA58581.1	3.60e-27	114	29.492	7
QYM77803.1	QGK73367.1	4.15e-27	119	32.203	7
QYM77803.1	AZA67677.1	4.16e-27	113	32.558	6
QYM77803.1	AZA51360.1	4.16e-27	113	32.558	6
QYM77803.1	BDC58852.1	4.87e-27	113	32.319	6
QYM77803.1	WBL50182.1	4.87e-27	113	32.319	6
QYM77803.1	QQX15058.1	4.87e-27	113	32.319	6
QYM77803.1	QTV14352.1	4.87e-27	113	32.319	6
QYM77803.1	QKL21841.1	4.87e-27	113	32.319	6
QYM77803.1	AMB89991.1	4.87e-27	113	32.319	6
QYM77803.1	QKL25574.1	4.87e-27	113	32.319	6
QYM77803.1	UTV34630.1	4.87e-27	113	32.319	6
QYM77803.1	ATP94179.1	4.87e-27	113	32.319	6
QYM77803.1	APP16893.1	4.87e-27	113	32.319	6
QYM77803.1	UNG02926.1	4.87e-27	113	32.319	6
QYM77803.1	QXY95956.1	4.87e-27	113	32.319	6
QYM77803.1	QSI46282.1	4.87e-27	113	32.319	6
QYM77803.1	BAT48951.1	4.87e-27	113	32.319	6
QYM77803.1	USK22610.1	4.87e-27	113	32.319	6
QYM77803.1	APT47577.1	5.09e-27	113	31.274	6
QYM77803.1	QEO62435.1	5.11e-27	113	32.319	6
QYM77803.1	QCU19168.1	5.11e-27	113	32.319	6
QYM77803.1	UVP79223.1	5.73e-27	119	29.211	8
QYM77803.1	UVP11790.1	5.73e-27	119	29.211	8
QYM77803.1	UYQ95477.1	6.36e-27	113	33.829	6
QYM77803.1	SDT16215.1	7.07e-27	113	32.710	7
QYM77803.1	UUH76030.1	7.17e-27	113	32.319	6
QYM77803.1	QZD59979.1	7.73e-27	112	31.061	6
QYM77803.1	AIZ60434.1	8.23e-27	112	31.274	6
QYM77803.1	QIL39362.1	8.60e-27	113	35.714	6
QYM77803.1	QOV47930.1	9.24e-27	112	32.319	6
QYM77803.1	CAD0219691.1	9.62e-27	112	30.333	7
QYM77803.1	QNP54141.1	9.65e-27	111	34.783	6
QYM77803.1	AFH64830.1	9.80e-27	112	31.128	6
QYM77803.1	AFC32511.1	9.80e-27	112	31.128	6
QYM77803.1	AHM58501.1	9.93e-27	113	31.481	7
QYM77803.1	QGH37049.1	1.03e-26	117	34.944	6
QYM77803.1	QGT73517.1	1.06e-26	118	28.947	8
QYM77803.1	UJM29480.1	1.08e-26	112	32.319	6
QYM77803.1	UTX07176.1	1.12e-26	112	32.319	6
QYM77803.1	UVR40642.1	1.13e-26	118	28.947	8
QYM77803.1	UVR45556.1	1.13e-26	118	28.947	8
QYM77803.1	UCZ72629.1	1.18e-26	112	31.698	6
QYM77803.1	AOC56528.1	1.18e-26	112	31.698	6
QYM77803.1	SCY41802.1	1.19e-26	117	32.847	6
QYM77803.1	QOY94115.1	1.20e-26	118	27.336	12
QYM77803.1	QOY94115.1	0.005	41.2	25.140	12
QYM77803.1	QUT78059.1	1.21e-26	118	28.947	8
QYM77803.1	UWN94048.1	1.21e-26	118	28.947	8
QYM77803.1	ALJ48972.1	1.21e-26	118	28.947	8
QYM77803.1	CAG9866679.1	1.21e-26	118	28.947	8
QYM77803.1	QRQ55781.1	1.21e-26	118	28.947	8
QYM77803.1	QRV17965.1	1.23e-26	113	29.321	7
QYM77803.1	AHL71685.1	1.26e-26	112	32.319	6
QYM77803.1	AKU32577.1	1.26e-26	112	32.319	6
QYM77803.1	BDC55128.1	1.26e-26	112	32.319	6
QYM77803.1	QCK16976.1	1.44e-26	112	31.313	7
QYM77803.1	UQB69107.1	1.52e-26	112	34.483	6
QYM77803.1	ADY51047.1	1.55e-26	112	30.091	7
QYM77803.1	QII24867.1	1.63e-26	112	32.319	6
QYM77803.1	ANT56866.1	1.63e-26	112	32.319	6
QYM77803.1	WDF66463.1	1.71e-26	112	30.314	6
QYM77803.1	QIP15534.1	1.73e-26	112	30.267	7
QYM77803.1	UOG09482.1	2.12e-26	111	32.319	6
QYM77803.1	UUD41047.1	2.16e-26	111	31.200	6
QYM77803.1	UXO86375.1	2.22e-26	111	30.800	6
QYM77803.1	ANF49938.1	2.36e-26	111	29.773	7
QYM77803.1	ADY53901.1	2.64e-26	111	30.820	7
QYM77803.1	UOK66197.1	2.68e-26	111	34.118	6
QYM77803.1	QCD41442.1	2.69e-26	111	32.677	6
QYM77803.1	AZA56393.1	2.77e-26	111	29.766	7
QYM77803.1	BDB54057.1	2.98e-26	116	31.613	7
QYM77803.1	UWO01868.1	3.10e-26	117	28.947	8
QYM77803.1	AWK06550.1	3.18e-26	116	31.231	7
QYM77803.1	ALJ00091.1	3.37e-26	110	34.351	6
QYM77803.1	UQZ93141.1	3.59e-26	111	31.474	6
QYM77803.1	AEE17960.1	3.78e-26	116	31.283	8
QYM77803.1	WCL59384.1	3.91e-26	110	31.474	6
QYM77803.1	QIP15220.1	4.78e-26	110	32.197	6
QYM77803.1	UOQ55616.1	4.90e-26	116	30.899	8
QYM77803.1	QGX65844.1	4.93e-26	110	30.132	7
QYM77803.1	UVR75917.1	5.70e-26	115	28.421	8
QYM77803.1	QRF34076.1	5.85e-26	110	31.474	6
QYM77803.1	UOQ96703.1	5.99e-26	110	30.887	7
QYM77803.1	UOQ74186.1	6.22e-26	110	30.303	7
QYM77803.1	CCB70652.1	6.51e-26	110	32.192	6
QYM77803.1	AWW32650.1	6.82e-26	114	32.333	7
QYM77803.1	QKN78512.1	7.53e-26	110	31.321	6
QYM77803.1	UUF13720.1	7.68e-26	115	30.841	7
QYM77803.1	QXU41565.1	8.17e-26	110	33.094	6
QYM77803.1	AEW01542.1	8.83e-26	109	32.899	7
QYM77803.1	QKJ30686.1	9.50e-26	109	29.042	7
QYM77803.1	ABQ07256.1	1.00e-25	114	31.013	7
QYM77803.1	ASB48053.1	1.06e-25	109	30.383	8
QYM77803.1	WBX96073.1	1.08e-25	109	29.236	7
QYM77803.1	ABN54147.1	1.21e-25	113	31.379	6
QYM77803.1	ADU73589.1	1.25e-25	113	31.379	6
QYM77803.1	ALX07510.1	1.25e-25	113	31.379	6
QYM77803.1	AMM89201.1	1.28e-25	109	31.939	6
QYM77803.1	QUT45769.1	1.32e-25	109	30.671	7
QYM77803.1	UII23418.1	1.35e-25	109	31.494	7
QYM77803.1	UZT97117.1	1.36e-25	109	30.233	7
QYM77803.1	UWN89020.1	1.40e-25	109	30.671	7
QYM77803.1	QRQ48638.1	1.40e-25	109	30.671	7
QYM77803.1	UPK41210.1	1.42e-25	115	34.510	8
QYM77803.1	UPK41210.1	3.1	32.0	28.378	8
QYM77803.1	UPK41210.1	4.0	31.6	42.000	8
QYM77803.1	QES88804.1	1.74e-25	109	29.532	7
QYM77803.1	ADY51045.1	1.88e-25	115	32.659	7
QYM77803.1	BDU26809.1	1.91e-25	113	30.240	7
QYM77803.1	UMY54198.1	2.01e-25	114	32.042	8
QYM77803.1	UMY54198.1	7.3	30.8	25.000	8
QYM77803.1	ALI98451.1	2.05e-25	115	32.143	7
QYM77803.1	AYQ32718.1	2.09e-25	108	32.075	6
QYM77803.1	UBB88644.1	2.11e-25	113	31.699	7
QYM77803.1	UFH41718.1	2.20e-25	113	30.851	6
QYM77803.1	AZA88234.1	3.23e-25	108	29.431	7
QYM77803.1	AZA96796.1	3.23e-25	108	29.431	7
QYM77803.1	QHV99886.1	3.62e-25	108	29.794	7
QYM77803.1	WBL41890.1	3.83e-25	107	29.394	7
QYM77803.1	UZD24526.1	3.83e-25	107	29.394	7
QYM77803.1	AGX04064.1	3.86e-25	107	33.704	6
QYM77803.1	UII34600.1	4.01e-25	107	30.405	7
QYM77803.1	UTN03428.1	4.04e-25	112	30.612	7
QYM77803.1	UII27145.1	4.43e-25	107	32.450	7
QYM77803.1	ALL06657.1	4.55e-25	107	28.869	7
QYM77803.1	QKG52294.1	4.95e-25	107	31.349	6
QYM77803.1	UWV47413.1	5.62e-25	111	31.034	6
QYM77803.1	AYD47307.1	5.74e-25	107	34.457	6
QYM77803.1	UTX48945.1	5.90e-25	107	30.897	7
QYM77803.1	WCT57743.1	6.02e-25	107	30.061	7
QYM77803.1	QYG02949.1	6.65e-25	113	27.119	14
QYM77803.1	QYG02949.1	2.45e-06	52.0	25.000	14
QYM77803.1	URM36339.1	7.27e-25	112	33.829	6
QYM77803.1	QNP18063.1	7.32e-25	107	30.943	6
QYM77803.1	APA00310.1	9.15e-25	106	31.650	7
QYM77803.1	ADZ79432.1	9.26e-25	107	31.193	10
QYM77803.1	ADZ79432.1	3.6	31.6	23.864	10
QYM77803.1	WDF57988.1	9.93e-25	111	30.696	7
QYM77803.1	QUT77860.1	9.99e-25	112	28.436	11
QYM77803.1	QUT77860.1	9.7	30.4	32.184	11
QYM77803.1	UBD17719.1	1.02e-24	112	28.436	11
QYM77803.1	UBD17719.1	9.7	30.4	32.184	11
QYM77803.1	QKS46350.1	1.09e-24	108	30.903	7
QYM77803.1	QJD94596.1	1.10e-24	107	30.462	7
QYM77803.1	UBF08399.1	1.26e-24	106	30.743	7
QYM77803.1	QDM11668.1	1.26e-24	106	30.743	7
QYM77803.1	CBK68199.1	1.26e-24	106	30.743	7
QYM77803.1	QUT78082.1	1.26e-24	106	30.743	7
QYM77803.1	UVR40623.1	1.26e-24	106	30.743	7
QYM77803.1	UVQ66753.1	1.26e-24	106	30.743	7
QYM77803.1	UVR45537.1	1.26e-24	106	30.743	7
QYM77803.1	ACU08313.1	1.27e-24	110	31.365	6
QYM77803.1	UVP11813.1	1.36e-24	106	30.743	7
QYM77803.1	UVP79200.1	1.36e-24	106	30.743	7
QYM77803.1	ALJ48951.1	1.48e-24	106	30.743	7
QYM77803.1	QRQ55762.1	1.48e-24	106	30.743	7
QYM77803.1	QGT73499.1	1.48e-24	106	30.743	7
QYM77803.1	UWN94028.1	1.48e-24	106	30.743	7
QYM77803.1	UYU36528.1	1.52e-24	106	30.743	7
QYM77803.1	QRM98534.1	1.52e-24	106	30.743	7
QYM77803.1	AKU07896.1	1.66e-24	106	30.183	7
QYM77803.1	AFK02438.1	1.66e-24	110	30.584	7
QYM77803.1	ADB63249.1	1.69e-24	107	31.518	6
QYM77803.1	AEI44644.1	1.72e-24	112	28.571	16
QYM77803.1	AEI44644.1	0.017	39.7	25.664	16
QYM77803.1	AEI44644.1	0.069	37.7	37.931	16
QYM77803.1	AEI44644.1	0.49	34.7	44.186	16
QYM77803.1	AEI44644.1	2.1	32.7	31.522	16
QYM77803.1	AEI44644.1	3.7	32.0	36.264	16
QYM77803.1	AEI44644.1	5.8	31.2	41.463	16
QYM77803.1	AYA65341.1	1.81e-24	105	31.734	6
QYM77803.1	UDF18394.1	1.84e-24	105	30.943	6
QYM77803.1	QQT26959.1	1.96e-24	105	29.467	7
QYM77803.1	QQS94307.1	1.96e-24	105	31.939	6
QYM77803.1	ABV62479.1	1.98e-24	105	31.200	6
QYM77803.1	AVI41230.1	2.11e-24	105	31.873	6
QYM77803.1	QHQ77878.1	2.11e-24	105	31.873	6
QYM77803.1	QHJ07444.1	2.26e-24	110	32.288	7
QYM77803.1	ARK11951.1	2.67e-24	105	30.065	7
QYM77803.1	QEM08861.1	2.75e-24	105	31.751	7
QYM77803.1	WCT11918.1	3.16e-24	105	30.515	6
QYM77803.1	UCS92876.1	3.28e-24	105	29.651	8
QYM77803.1	QSW88591.1	3.38e-24	109	31.525	7
QYM77803.1	QJR97878.1	3.71e-24	105	29.605	7
QYM77803.1	QUT27344.1	3.91e-24	104	30.743	7
QYM77803.1	AKD03741.1	4.07e-24	105	31.419	7
QYM77803.1	CAG9866656.1	4.10e-24	104	30.743	7
QYM77803.1	UVP26317.1	4.15e-24	104	30.405	7
QYM77803.1	UVQ13035.1	4.15e-24	104	30.405	7
QYM77803.1	QUR41788.1	4.15e-24	104	30.405	7
QYM77803.1	QNR84019.1	4.32e-24	105	33.935	6
QYM77803.1	AGA79315.1	4.46e-24	105	31.579	7
QYM77803.1	ULL17083.1	4.61e-24	110	31.105	19
QYM77803.1	ULL17083.1	0.017	39.7	34.711	19
QYM77803.1	ULL17083.1	0.28	35.4	29.688	19
QYM77803.1	ULL17083.1	1.0	33.9	27.193	19
QYM77803.1	ULL17083.1	2.9	32.3	33.000	19
QYM77803.1	ULL17083.1	7.9	30.8	29.703	19
QYM77803.1	ULL17083.1	9.1	30.4	30.682	19
QYM77803.1	AET57463.1	4.68e-24	110	31.731	9
QYM77803.1	AET57463.1	7.1	30.8	28.972	9
QYM77803.1	URJ43701.1	4.79e-24	110	32.296	6
QYM77803.1	ASR45840.1	4.97e-24	110	31.231	7
QYM77803.1	AIW41699.1	4.99e-24	110	32.296	6
QYM77803.1	AHC21842.1	4.99e-24	110	32.296	6
QYM77803.1	WCM60664.1	5.21e-24	110	32.296	6
QYM77803.1	ALA43984.1	5.34e-24	110	32.296	6
QYM77803.1	QNU66057.1	5.72e-24	110	27.371	10
QYM77803.1	UPQ77444.1	5.87e-24	104	28.904	7
QYM77803.1	APB74220.1	5.96e-24	110	32.296	6
QYM77803.1	AKQ45076.1	6.50e-24	103	31.538	6
QYM77803.1	QOS13021.1	6.51e-24	104	29.573	7
QYM77803.1	ULC59023.1	6.77e-24	108	30.565	7
QYM77803.1	UZD24523.1	6.78e-24	108	32.653	7
QYM77803.1	BBN04016.1	7.16e-24	105	33.846	6
QYM77803.1	AOK89953.1	7.75e-24	109	32.296	8
QYM77803.1	AOK89953.1	2.5	32.3	25.893	8
QYM77803.1	UYU43657.1	7.93e-24	103	30.627	6
QYM77803.1	UWY27515.1	8.00e-24	108	29.969	7
QYM77803.1	ADM71932.1	8.02e-24	109	30.986	6
QYM77803.1	ADE03849.1	9.11e-24	104	30.392	7
QYM77803.1	AMM99438.1	9.74e-24	103	31.076	6
QYM77803.1	APA00957.1	1.07e-23	108	29.967	7
QYM77803.1	ALJ01249.1	1.21e-23	103	27.887	8
QYM77803.1	UOQ97023.1	1.28e-23	103	31.046	7
QYM77803.1	UKT63705.1	1.39e-23	103	30.903	6
QYM77803.1	QHJ08323.1	1.52e-23	103	30.916	6
QYM77803.1	URJ50177.3	1.56e-23	108	31.907	6
QYM77803.1	VTR36849.1	1.60e-23	103	28.797	7
QYM77803.1	URJ71673.1	1.84e-23	108	32.031	6
QYM77803.1	AXY73750.1	1.86e-23	103	32.143	6
QYM77803.1	UNL93948.1	1.89e-23	108	32.031	6
QYM77803.1	QNN41592.1	1.89e-23	103	33.212	6
QYM77803.1	QUT77881.1	2.27e-23	102	31.102	6
QYM77803.1	UBD17701.1	2.31e-23	102	31.102	6
QYM77803.1	UYU42856.1	2.31e-23	102	31.102	6
QYM77803.1	UBD66779.1	2.31e-23	102	31.102	6
QYM77803.1	QEY35289.1	2.35e-23	108	30.128	6
QYM77803.1	ACU03375.1	2.54e-23	102	32.443	6
QYM77803.1	UOE33577.1	2.55e-23	107	30.205	7
QYM77803.1	AIQ46129.1	2.89e-23	101	30.091	7
QYM77803.1	AWW32646.1	2.97e-23	102	29.808	7
QYM77803.1	URJ38974.1	2.97e-23	107	31.395	6
QYM77803.1	UOQ46666.1	2.99e-23	108	33.459	6
QYM77803.1	UKM66489.1	2.99e-23	106	30.492	7
QYM77803.1	VDC74904.1	3.07e-23	102	34.766	6
QYM77803.1	WDF80283.1	3.07e-23	102	30.263	7
QYM77803.1	AYN02606.1	3.08e-23	102	29.605	7
QYM77803.1	AYN66318.1	3.09e-23	102	29.703	7
QYM77803.1	QQT36706.1	3.17e-23	102	30.128	7
QYM77803.1	QDH80193.1	3.42e-23	102	28.846	7
QYM77803.1	AZI24714.1	3.46e-23	102	29.630	7
QYM77803.1	QDY84244.1	3.56e-23	107	32.031	6
QYM77803.1	APB69518.1	3.61e-23	107	31.907	6
QYM77803.1	QZK90135.1	3.63e-23	102	31.438	7
QYM77803.1	QYK64173.1	3.80e-23	107	32.296	6
QYM77803.1	QDW27073.1	4.33e-23	102	32.331	6
QYM77803.1	ALJ00093.1	4.35e-23	102	30.097	7
QYM77803.1	QPK53353.1	4.39e-23	107	31.641	6
QYM77803.1	QPK58436.1	4.39e-23	107	31.641	6
QYM77803.1	UOD86040.1	4.39e-23	107	31.641	6
QYM77803.1	AHF16652.1	4.54e-23	101	30.530	7
QYM77803.1	UOQ99599.1	5.16e-23	106	30.982	7
QYM77803.1	AMR29655.1	5.17e-23	101	31.650	7
QYM77803.1	URJ35818.3	5.86e-23	106	31.641	6
QYM77803.1	URJ35818.1	5.86e-23	106	31.641	6
QYM77803.1	QDA27571.1	6.06e-23	106	31.641	6
QYM77803.1	UWO03975.1	6.13e-23	101	28.659	7
QYM77803.1	ACX65279.1	6.13e-23	101	30.153	6
QYM77803.1	UOQ48676.1	6.32e-23	107	34.902	13
QYM77803.1	UOQ48676.1	0.004	42.0	31.783	13
QYM77803.1	UOQ48676.1	0.15	36.6	27.559	13
QYM77803.1	UOQ48676.1	0.21	35.8	29.545	13
QYM77803.1	UOQ48676.1	1.5	33.1	29.670	13
QYM77803.1	UOQ48676.1	5.7	31.2	33.333	13
QYM77803.1	UOQ48676.1	9.5	30.4	30.120	13
QYM77803.1	AUO07126.1	6.41e-23	106	31.641	6
QYM77803.1	UMR35206.1	6.43e-23	106	31.641	6
QYM77803.1	AJE52311.1	6.52e-23	106	31.641	6
QYM77803.1	QLQ36540.1	6.56e-23	104	41.919	4
QYM77803.1	AHM68033.1	6.65e-23	106	31.641	6
QYM77803.1	VTR54995.1	7.09e-23	101	29.276	7
QYM77803.1	AZH31268.1	7.16e-23	106	31.641	6
QYM77803.1	UUW08162.1	7.20e-23	105	28.972	7
QYM77803.1	UOQ74176.1	7.34e-23	106	32.552	12
QYM77803.1	UOQ74176.1	2.0	32.7	28.910	12
QYM77803.1	CCI71187.1	7.53e-23	106	31.641	6
QYM77803.1	ADO58634.1	7.53e-23	106	31.641	6
QYM77803.1	QUT59626.1	7.98e-23	100	29.236	7
QYM77803.1	UVR06695.1	7.98e-23	100	29.236	7
QYM77803.1	UBD84472.1	7.98e-23	100	29.236	7
QYM77803.1	QHL86731.1	8.68e-23	100	30.996	6
QYM77803.1	UPL49898.1	8.81e-23	100	28.428	7
QYM77803.1	ALK82867.1	8.84e-23	100	29.236	7
QYM77803.1	USS70384.1	8.84e-23	100	29.236	7
QYM77803.1	UVO95664.1	8.84e-23	100	29.236	7
QYM77803.1	QQY38333.1	8.84e-23	100	29.236	7
QYM77803.1	BDC13943.1	8.84e-23	100	29.236	7
QYM77803.1	AKQ45077.1	9.27e-23	100	31.518	6
QYM77803.1	CAH0335540.1	9.28e-23	101	31.803	7
QYM77803.1	AUS04332.1	9.51e-23	105	30.449	7
QYM77803.1	UYU48576.1	9.80e-23	100	31.102	6
QYM77803.1	QCD39271.1	1.30e-22	105	27.878	12
QYM77803.1	QCP72963.1	1.30e-22	105	27.878	12
QYM77803.1	QNR66907.1	1.33e-22	105	31.008	6
QYM77803.1	QNL41079.1	1.43e-22	100	29.085	7
QYM77803.1	QKJ29571.1	1.51e-22	100	32.841	6
QYM77803.1	QEW38158.1	1.58e-22	100	29.492	7
QYM77803.1	UKK77402.1	1.73e-22	100	29.568	7
QYM77803.1	UKK75801.1	1.73e-22	100	29.568	7
QYM77803.1	UKK80462.1	1.73e-22	100	29.568	7
QYM77803.1	QCP71960.1	1.83e-22	100	31.727	6
QYM77803.1	QNH61421.1	1.88e-22	99.8	28.144	7
QYM77803.1	BDU27047.1	1.92e-22	100	30.075	6
QYM77803.1	QEH68466.1	2.07e-22	99.8	30.961	6
QYM77803.1	AII65162.1	2.28e-22	99.8	28.904	7
QYM77803.1	ALA73615.1	2.28e-22	99.8	28.904	7
QYM77803.1	QJR56781.1	2.28e-22	99.8	28.904	7
QYM77803.1	UYV10735.1	2.28e-22	99.8	28.904	7
QYM77803.1	QJR75357.1	2.28e-22	99.8	28.904	7
QYM77803.1	UKK73034.1	2.28e-22	99.8	29.236	7
QYM77803.1	QIU94487.1	2.40e-22	99.8	30.169	7
QYM77803.1	AFN74120.1	2.47e-22	104	32.632	8
QYM77803.1	AFN74120.1	2.6	32.3	32.727	8
QYM77803.1	UEG52869.1	2.54e-22	99.8	32.154	7
QYM77803.1	UOE31916.1	2.62e-22	99.4	28.105	7
QYM77803.1	WBZ94932.1	2.73e-22	99.4	31.518	6
QYM77803.1	UKT63693.1	3.01e-22	99.4	30.650	7
QYM77803.1	ATH93095.1	3.32e-22	99.4	30.877	6
QYM77803.1	AND21864.1	3.61e-22	99.0	28.904	7
QYM77803.1	QOG00554.1	3.66e-22	103	29.503	7
QYM77803.1	QIB78898.1	3.74e-22	99.4	30.065	7
QYM77803.1	AHF16651.1	3.76e-22	99.4	30.357	7
QYM77803.1	AZA61247.1	3.89e-22	99.0	30.350	6
QYM77803.1	UFH33447.1	3.93e-22	99.0	30.078	6
QYM77803.1	QOT12517.1	4.10e-22	99.0	28.315	6
QYM77803.1	QOH63866.1	4.22e-22	103	31.250	6
QYM77803.1	QEH69960.1	4.36e-22	103	32.365	5
QYM77803.1	BCS84477.1	5.28e-22	98.6	30.502	6
QYM77803.1	QLL57976.1	5.93e-22	98.6	28.105	7
QYM77803.1	QQQ30323.1	6.21e-22	98.6	30.502	6
QYM77803.1	QQT26960.1	6.36e-22	98.2	31.786	6
QYM77803.1	ADL47150.1	6.78e-22	100	41.341	4
